iter	MAPE	RMSE	R2
0	0.4891677708	0.9243760333	0.1348476005
1	0.4511227703	0.8614421208	0.2486410409
2	0.4183518618	0.8058701427	0.3424551295
3	0.3867553823	0.7560537214	0.421237247
4	0.3566067819	0.70979815	0.4898886471
5	0.3340792524	0.6686258958	0.5473509131
6	0.310855978	0.633699542	0.5934049851
7	0.2924308702	0.6027340881	0.6321703185
8	0.2761879942	0.5743639791	0.6659821669
9	0.2631913198	0.5504593186	0.693206807
10	0.2500374246	0.5294068136	0.71622488
11	0.239687181	0.5107750993	0.7358475173
12	0.2292349763	0.4937701034	0.7531433421
13	0.2207317787	0.47911403	0.7675802444
14	0.2131310734	0.4662138589	0.7799275786
15	0.2062930922	0.4544285706	0.7909132464
16	0.2002674263	0.4436716858	0.800694772
17	0.1939829011	0.4346120447	0.8087511735
18	0.1899063694	0.4260296985	0.8162298319
19	0.1848758431	0.4191090927	0.8221518183
20	0.181570595	0.4127280417	0.8275261663
21	0.1777728688	0.4063561777	0.8328105011
22	0.1757499065	0.4011076612	0.8371014655
23	0.1734401554	0.396239937	0.8410312516
24	0.1693249092	0.3907694909	0.8453903627
25	0.1669584183	0.3859484831	0.8491817352
26	0.1644621812	0.3807576472	0.8532113312
27	0.1620189187	0.3768405061	0.8562160469
28	0.1605184589	0.3726629584	0.8593862736
29	0.1579645444	0.3687598684	0.8623162882
30	0.1567023498	0.3656057557	0.8646615148
31	0.1559375579	0.3638479699	0.8659597666
32	0.1542350085	0.361542922	0.867652729
33	0.1530776377	0.3586750255	0.8697440596
34	0.1522504881	0.3559781913	0.8716954531
35	0.1514055443	0.3535905615	0.8734108189
36	0.1504688534	0.3511547234	0.8751489233
37	0.1492590729	0.3490248394	0.8766588666
38	0.1488594201	0.3474908377	0.8777406791
39	0.1482388525	0.3456667454	0.879020868
40	0.1473893866	0.3432708894	0.8806920967
41	0.1467103537	0.3416188313	0.8818377184
42	0.1461266274	0.3401125409	0.8828774405
43	0.1452845045	0.3388484945	0.8837464071
44	0.1451569581	0.3376441719	0.8845713069
45	0.1446463884	0.3361485167	0.885591666
46	0.143841816	0.3348064754	0.8865033714
47	0.1433082103	0.3331562018	0.8876194722
48	0.1432458127	0.3322565443	0.8882255991
49	0.1429272317	0.3314406054	0.8887739049
50	0.1424590599	0.3306540353	0.8893011989
51	0.1423820629	0.3297243741	0.8899228015
52	0.1423214606	0.3289102806	0.8904656943
53	0.1413931042	0.327699696	0.8912705127
54	0.1411353847	0.3266628744	0.8919574511
55	0.1403676076	0.3252105279	0.892916032
56	0.1403300776	0.324552069	0.8933492222
57	0.1402982143	0.3239816314	0.8937237947
58	0.1398792446	0.3228529417	0.8944629966
59	0.1395868926	0.321672598	0.8952332682
60	0.1390496382	0.3205742611	0.8959474895
61	0.1385327799	0.3197297603	0.8964949863
62	0.1385169783	0.3189997681	0.8969670824
63	0.1378790892	0.318133853	0.8975256827
64	0.1378053587	0.3175640379	0.897892441
65	0.1376270564	0.3170372738	0.8982309049
66	0.1372950835	0.3158843229	0.8989697545
67	0.1372470242	0.3156606108	0.8991128049
68	0.1369582559	0.3153125079	0.8993351941
69	0.1368945204	0.314760082	0.8996876135
70	0.1365401248	0.3136882012	0.9003696558
71	0.1360298764	0.3126906629	0.9010023035
72	0.1360294859	0.3126373918	0.9010360318
73	0.1358722706	0.3118475404	0.901535448
74	0.1358176574	0.3113818605	0.9018293014
75	0.1356869871	0.3105418947	0.9023582263
76	0.13549433	0.3102217617	0.9025594374
77	0.1354417256	0.3100118023	0.9026912891
78	0.1350283318	0.3094488309	0.9030443872
79	0.1345035631	0.3091720526	0.9032177484
80	0.1344967966	0.3091112551	0.9032558084
81	0.1343747248	0.3085295038	0.9036196133
82	0.1342075571	0.3081572433	0.9038520511
83	0.1339986487	0.3077024808	0.904135622
84	0.1339608908	0.3076039738	0.9041969917
85	0.1337559552	0.3068429825	0.9046704256
86	0.1336816679	0.306674343	0.9047751823
87	0.1334969829	0.3059363666	0.9052329259
88	0.1332854568	0.3051979792	0.9056898207
89	0.1332655541	0.305122793	0.905736282
90	0.1325986254	0.3041294666	0.9063490335
91	0.1323562703	0.3035714521	0.9066923785
92	0.1323249231	0.3030630421	0.9070046529
93	0.1321601008	0.3027079606	0.9072224399
94	0.1318338995	0.3022831179	0.9074826788
95	0.1317404801	0.3019253655	0.9077015379
96	0.1317102158	0.3014286137	0.9080050017
97	0.1315161249	0.3011562325	0.9081711863
98	0.1315026495	0.3009729391	0.9082829323
99	0.1314246164	0.300514693	0.9085620071
100	0.131426074	0.3004916671	0.9085760188
101	0.1313962591	0.3002874081	0.9087002673
102	0.1312982539	0.2997158675	0.9090474803
103	0.1312074095	0.299151206	0.9093898646
104	0.1308730423	0.2985904759	0.9097292262
105	0.130866663	0.2985097105	0.9097780541
106	0.13055945	0.2979717093	0.9101029734
107	0.1304230869	0.2976309699	0.9103084556
108	0.1303451521	0.2973562769	0.9104739375
109	0.1301408519	0.2969666348	0.9107084055
110	0.1298658672	0.2963941388	0.9110523486
111	0.1296440369	0.2957663619	0.9114287403
112	0.1296018999	0.2952729218	0.9117240284
113	0.1294920357	0.2948576603	0.9119721503
114	0.1292089273	0.2941875163	0.9123718299
115	0.1291042965	0.2939384463	0.9125201456
116	0.1288498766	0.2934486305	0.9128114536
117	0.1287071389	0.2930282849	0.9130610583
118	0.1286094567	0.2924339378	0.9134133758
119	0.1285382356	0.2920426137	0.9136449547
120	0.1285192924	0.2918927076	0.9137335845
121	0.1283781824	0.2916499282	0.9138770275
122	0.1283457493	0.2912388462	0.9141196379
123	0.1282082966	0.2905525157	0.9145239306
124	0.1279038485	0.2901483208	0.914761581
125	0.1275569443	0.2895978479	0.9150847049
126	0.127526644	0.2892594192	0.9152830557
127	0.1273799031	0.2887992556	0.9155523824
128	0.1272642466	0.2882564551	0.915869524
129	0.1272560004	0.2881775345	0.9159155852
130	0.1272106492	0.2877678371	0.9161544982
131	0.1270831341	0.2872438035	0.9164595904
132	0.1268735772	0.2864657433	0.9169115509
133	0.1267720186	0.286119377	0.9171123543
134	0.1266211139	0.2859292471	0.9172224774
135	0.1266179743	0.2858873093	0.9172467579
136	0.126475613	0.2854349704	0.9175084197
137	0.1263805136	0.2849979202	0.917760844
138	0.1262963265	0.2844893805	0.9180540712
139	0.1262266695	0.2843393157	0.9181404994
140	0.1261889766	0.2838897956	0.9183991228
141	0.1261864629	0.2838591205	0.9184167563
142	0.1261083708	0.2835506781	0.9185939573
143	0.1260571346	0.2830936659	0.9188561578
144	0.1258139467	0.2825909352	0.9191440999
145	0.1258119135	0.2825603131	0.9191616223
146	0.1257818746	0.2823006805	0.9193101119
147	0.1257379685	0.2821376665	0.9194032735
148	0.1257385292	0.2821172028	0.9194149645
149	0.1255996683	0.2817385442	0.9196311424
150	0.1253858196	0.281459288	0.9197903849
151	0.125351002	0.2811875247	0.919945203
152	0.1253378589	0.2810454214	0.9200260969
153	0.1252546859	0.280625629	0.9202648296
154	0.124834049	0.2803538038	0.9204192241
155	0.1246611548	0.2802009327	0.920505988
156	0.1246544815	0.2800884957	0.9205697728
157	0.1246226001	0.2800063008	0.9206163851
158	0.1245809032	0.279814442	0.9207251343
159	0.1245617229	0.2796356542	0.9208264075
160	0.1244612734	0.2792243714	0.9210591303
161	0.1244307409	0.2789501084	0.9212141305
162	0.1243858319	0.278697439	0.9213567924
163	0.1243414342	0.2783242561	0.9215672618
164	0.1242653397	0.2779951713	0.9217526267
165	0.1241754624	0.2776692091	0.9219360164
166	0.1240083841	0.2771525526	0.922226252
167	0.1239942659	0.2766840499	0.9224889695
168	0.1239784711	0.2765874632	0.9225430761
169	0.1239285708	0.2761591861	0.9227827641
170	0.1238504258	0.276101775	0.9228148664
171	0.1237828829	0.2756350818	0.923075577
172	0.1236903178	0.2753660871	0.9232256462
173	0.1235746757	0.2750462337	0.9234038982
174	0.1235491641	0.2748633147	0.9235057445
175	0.1235025733	0.2745772003	0.9236649125
176	0.1234212183	0.2742246479	0.9238608125
177	0.1233393141	0.2741714163	0.9238903694
178	0.1232558207	0.2737286096	0.924136016
179	0.1230521549	0.2735898025	0.9242129374
180	0.1229770317	0.2732933065	0.924377113
181	0.1229519925	0.2730655957	0.92450308
182	0.1227926245	0.2729018138	0.9245936174
183	0.1226195128	0.2727363317	0.9246850395
184	0.1225204269	0.2725811605	0.9247707148
185	0.1224659537	0.2723151568	0.9249174711
186	0.1224012174	0.2722005615	0.9249806501
187	0.1223322654	0.2717018207	0.9252553074
188	0.122289504	0.271616796	0.9253020803
189	0.122228806	0.271190815	0.9255361965
190	0.1219042342	0.2709942373	0.9256441103
191	0.1217913652	0.2708294421	0.9257345164
192	0.1216943773	0.2705609286	0.9258817042
193	0.1216571208	0.2704308571	0.9259529515
194	0.1215148687	0.270167635	0.9260970278
195	0.1214858641	0.2700193169	0.9261781488
196	0.1214068258	0.2697733546	0.9263125771
197	0.1213138827	0.2695018251	0.9264608367
198	0.1212700349	0.2692401145	0.9266035937
199	0.1211908968	0.2690998907	0.9266800254
200	0.1211675008	0.2689534144	0.9267598226
201	0.1211138211	0.2688793416	0.9268001594
202	0.1210926558	0.2687100636	0.9268922991
203	0.1209683194	0.2685303938	0.9269900316
204	0.1209290473	0.2684013222	0.9270602005
205	0.1208411654	0.268255289	0.9271395499
206	0.1207800366	0.2682213929	0.9271579617
207	0.1207551825	0.2680797662	0.9272348657
208	0.1205209583	0.2677623158	0.9274070954
209	0.1204888769	0.2676736881	0.927455143
210	0.1204561194	0.2673610158	0.9276245248
211	0.120449848	0.2671167445	0.9277567144
212	0.1204437879	0.2668757287	0.9278870238
213	0.1203916277	0.2665461062	0.9280650497
214	0.1200026965	0.2662508481	0.9282243287
215	0.1199078593	0.2658688178	0.9284301557
216	0.1198902684	0.2657616517	0.9284878407
217	0.1198826642	0.2655277561	0.9286136604
218	0.1198658104	0.2654736982	0.928642724
219	0.1197595395	0.2653815891	0.9286922319
220	0.1196891067	0.2651621997	0.9288100825
221	0.1196549686	0.2649565961	0.9289204394
222	0.1193305722	0.264608789	0.9291069284
223	0.1191948521	0.2644783035	0.9291768296
224	0.1191521243	0.2642082421	0.9293213922
225	0.1191491619	0.2639897823	0.9294382247
226	0.1190700395	0.2638352762	0.9295207963
227	0.1188287741	0.2635996683	0.9296466176
228	0.1188109365	0.2633727101	0.9297677134
229	0.118750374	0.2631443741	0.929889439
230	0.1187344109	0.2630097742	0.9299611447
231	0.1186042753	0.2628359822	0.9300536748
232	0.1185932291	0.2625441872	0.9302088945
233	0.1184671804	0.2623995271	0.9302857822
234	0.1184618	0.2623759617	0.9302983033
235	0.1184557645	0.2623106391	0.9303330056
236	0.1184124899	0.2622420305	0.9303694443
237	0.1183790617	0.2621471041	0.930419845
238	0.118341472	0.2619483232	0.9305253274
239	0.1182848835	0.2616751835	0.9306701377
240	0.1180531275	0.2614187696	0.9308059429
241	0.1179145879	0.2612668874	0.9308863219
242	0.1178816773	0.2611631438	0.9309411982
243	0.1178394097	0.2608865964	0.9310873744
244	0.1177795889	0.2607091951	0.9311810629
245	0.1177517764	0.2606165806	0.9312299488
246	0.1176391058	0.2604937441	0.9312947603
247	0.1175300286	0.2604001483	0.9313441233
248	0.11752456	0.2602065942	0.9314461484
249	0.1175203736	0.2600241272	0.93154226
250	0.1174912296	0.2598028238	0.9316587375
251	0.1174856694	0.2596006685	0.9317650503
252	0.117454231	0.2595121186	0.9318115922
253	0.1173012769	0.2593837059	0.931879058
254	0.1172931667	0.2591936821	0.9319788319
255	0.1172892665	0.259173599	0.9319893724
256	0.1172644107	0.2588952081	0.932135401
257	0.1172537866	0.2588542198	0.9321568879
258	0.1172328286	0.2586991973	0.9322381233
259	0.1172113589	0.2585783442	0.9323014194
260	0.117187235	0.258507215	0.932338659
261	0.117148696	0.2582605171	0.9324677382
262	0.1171454427	0.2582421338	0.9324773519
263	0.117101712	0.25809987	0.9325517269
264	0.1170183291	0.2579195338	0.9326459472
265	0.1170113128	0.2577527204	0.9327330435
266	0.116955261	0.2574304414	0.9329011517
267	0.1168952205	0.2572033785	0.9330194667
268	0.1168765945	0.2571144867	0.9330657569
269	0.1168655702	0.2570580494	0.9330951381
270	0.116844922	0.2568115968	0.9332233658
271	0.1168443383	0.2566810321	0.9332912479
272	0.1168180639	0.2564483061	0.9334121592
273	0.1167670034	0.2563132789	0.9334822615
274	0.1166034393	0.2560028304	0.9336432974
275	0.1166030989	0.2559715972	0.9336594879
276	0.1165007086	0.2557024179	0.9337989417
277	0.1164707669	0.2556620259	0.9338198549
278	0.1164405328	0.2555815511	0.9338615114
279	0.1163729894	0.2554049494	0.9339528806
280	0.1163323732	0.2553219326	0.9339958095
281	0.1162967102	0.255208305	0.934054545
282	0.1162861835	0.2551357517	0.934092035
283	0.1162342906	0.2550014117	0.9341614235
284	0.1162325123	0.2548800708	0.9342240664
285	0.1160737758	0.2545557809	0.9343913364
286	0.1160228172	0.2542795945	0.9345336266
287	0.1160070705	0.2540726493	0.9346401427
288	0.1160038922	0.2540295025	0.9346623397
289	0.1159377482	0.2538446066	0.9347574174
290	0.1158581801	0.2533912678	0.9349902416
291	0.1158510148	0.2533476138	0.9350126393
292	0.115696746	0.2530638495	0.9351581372
293	0.1155394468	0.2529321172	0.9352256264
294	0.1154735694	0.2526737054	0.9353579142
295	0.1153741955	0.2524116921	0.9354919076
296	0.1153197771	0.2523227273	0.9355373725
297	0.115315712	0.2521919799	0.9356041611
298	0.1153121635	0.2521414239	0.9356299769
299	0.1152981974	0.2519835131	0.9357105788
300	0.1152846445	0.2517662813	0.9358213772
301	0.1152725293	0.2517211648	0.9358443767
302	0.1152109402	0.2516409471	0.9358852601
303	0.1151590702	0.2513863898	0.93601491
304	0.115149545	0.2512562104	0.9360811616
305	0.1150995164	0.251171349	0.9361243314
306	0.1150797175	0.2509675778	0.9362279319
307	0.1150546467	0.2506282682	0.9364002557
308	0.1150374035	0.2505173384	0.9364565426
309	0.1150062969	0.2504287139	0.9365014937
310	0.1150101281	0.2504193422	0.9365062462
311	0.1149449921	0.2502630031	0.9365855009
312	0.1149372577	0.2501980533	0.9366184121
313	0.1149333046	0.2501850062	0.9366250222
314	0.1149323997	0.2500503263	0.9366932361
315	0.1149243662	0.2499335551	0.9367523496
316	0.1149188362	0.2498271562	0.9368061883
317	0.114901096	0.2497543829	0.9368429989
318	0.1147901084	0.2494485674	0.9369975713
319	0.1147679865	0.2493773467	0.9370335422
320	0.1147383517	0.2491465516	0.9371500373
321	0.1147363847	0.2491092031	0.937168879
322	0.1145970079	0.2489614226	0.9372434043
323	0.1145778381	0.2486508642	0.9373998737
324	0.1145390892	0.2485711654	0.9374399971
325	0.1145199065	0.2484856343	0.9374830424
326	0.1144879984	0.2483651825	0.9375436371
327	0.1144821246	0.2483101717	0.9375713011
328	0.114470837	0.2482557099	0.9375986831
329	0.1144672363	0.2482076899	0.9376228212
330	0.1144650754	0.2481133513	0.9376702288
331	0.114380375	0.2479519266	0.937751307
332	0.1143736794	0.2479014655	0.9377766411
333	0.114335811	0.2478604369	0.9377972357
334	0.1142617075	0.2477076946	0.9378738762
335	0.1142500443	0.2475365829	0.9379596776
336	0.11423321	0.2473743256	0.9380409843
337	0.1141901044	0.2472401373	0.9381081855
338	0.1141832647	0.2472068194	0.9381248654
339	0.114181995	0.2471648176	0.9381458894
340	0.114136682	0.2470246689	0.9382160152
341	0.1140845479	0.2469198922	0.9382684161
342	0.1140789312	0.2468687275	0.9382939964
343	0.1140677569	0.2466929845	0.9383818207
344	0.1140014678	0.2465224562	0.9384669793
345	0.1139883862	0.2463955312	0.938530325
346	0.1139538114	0.2463078574	0.9385740622
347	0.113845133	0.2461934638	0.9386311055
348	0.1137488184	0.2460500173	0.9387025987
349	0.1137259398	0.2459414512	0.93875668
350	0.1136998495	0.2458467443	0.938803838
351	0.1136149172	0.2457580405	0.9388479903
352	0.1135145417	0.2454973535	0.9389776551
353	0.1134140237	0.2454115861	0.9390202853
354	0.1133858549	0.2452086192	0.9391211098
355	0.1133804541	0.245183577	0.9391335438
356	0.1133559183	0.2450958999	0.9391770675
357	0.1133462271	0.2450484904	0.9392005954
358	0.1133463055	0.2450129898	0.9392182104
359	0.1133228871	0.2449326892	0.9392580452
360	0.1133087281	0.2449108368	0.9392688832
361	0.11323723	0.2446204046	0.9394128361
362	0.1130980129	0.2444673623	0.9394886229
363	0.1130991097	0.2444363757	0.9395039618
364	0.1130991533	0.2444361788	0.9395040592
365	0.1130202506	0.244347795	0.9395477999
366	0.1129528021	0.2441927389	0.939624498
367	0.112932489	0.2441152702	0.9396627994
368	0.112931078	0.2440654489	0.9396874253
369	0.1129111509	0.2438390247	0.9397992796
370	0.1128542087	0.2436210722	0.9399068509
371	0.1128329507	0.2435686499	0.9399327097
372	0.1127558257	0.2434828776	0.9399750075
373	0.1126505761	0.2433154606	0.9400575245
374	0.1125916368	0.2432442822	0.94009259
375	0.1125659264	0.2431963237	0.9401162106
376	0.112493025	0.2430141295	0.9402059027
377	0.112476536	0.2428915664	0.9402662013
378	0.1123753598	0.2427849702	0.9403186197
379	0.1123729876	0.242778179	0.9403219585
380	0.1123319879	0.2426892037	0.9403656931
381	0.1123293918	0.2426833864	0.9403685519
382	0.1122404299	0.2426099758	0.9404046229
383	0.1122301282	0.2423670957	0.9405238866
384	0.1122225122	0.2423453121	0.9405345774
385	0.1121866827	0.2422500381	0.9405813239
386	0.1121656011	0.242208953	0.9406014768
387	0.1121585775	0.242076002	0.9406666678
388	0.1121362934	0.241933818	0.9407363465
389	0.1121182061	0.2417394238	0.9408315451
390	0.1120649281	0.2416518903	0.940874387
391	0.1119707054	0.2415504213	0.94092403
392	0.1119560668	0.2415319591	0.9409330602
393	0.1119497759	0.2414135336	0.9409909682
394	0.1119377132	0.2413973266	0.9409988909
395	0.111937819	0.2413672549	0.94101359
396	0.1119275674	0.2412467991	0.9410724503
397	0.1118930556	0.2410546963	0.94116626
398	0.1118932386	0.2410281372	0.9411792237
399	0.1118682063	0.2409618749	0.9412115607
400	0.1118534379	0.2409408783	0.9412218055
401	0.1118475209	0.2409338604	0.9412252296
402	0.1118237549	0.2408528143	0.9412647646
403	0.111809263	0.2408069133	0.9412871496
404	0.1117710448	0.2407324546	0.9413234527
405	0.111747896	0.2405916417	0.9413920765
406	0.1117153189	0.2405217398	0.9414261277
407	0.1117097258	0.2404967267	0.9414383098
408	0.1116052066	0.2402665652	0.9415503462
409	0.111598617	0.2402583863	0.9415543256
410	0.1116011873	0.2402263019	0.9415699343
411	0.111597604	0.2402121791	0.9415768043
412	0.1115899693	0.2401890306	0.9415880638
413	0.1115396994	0.2400542052	0.9416536223
414	0.1115407084	0.240031082	0.9416648621
415	0.1115300739	0.2399781075	0.9416906083
416	0.1114829119	0.2397160918	0.9418178668
417	0.1114860715	0.2396957049	0.9418277627
418	0.1114728594	0.2396037278	0.9418723984
419	0.1114636349	0.2394932035	0.9419260121
420	0.1114536862	0.2394587892	0.941942701
421	0.1114458441	0.2394272935	0.9419579724
422	0.1114237409	0.2393473822	0.9419967101
423	0.1114146096	0.2392503242	0.9420437425
424	0.1114142035	0.2392498053	0.942043994
425	0.1113933792	0.2391913755	0.9420722986
426	0.1113663563	0.2391384231	0.942097944
427	0.1113529709	0.2390942035	0.9421193556
428	0.1113516558	0.2390915422	0.9421206441
429	0.1113452792	0.2390737165	0.9421292742
430	0.1112849574	0.2390289983	0.9421509214
431	0.1111831353	0.2388288311	0.9422477686
432	0.1111216231	0.2384279858	0.9424414661
433	0.1111103444	0.2383169755	0.9424950513
434	0.1110934699	0.2381180492	0.9425910115
435	0.1110922569	0.2380665279	0.9426158519
436	0.1110739975	0.238039444	0.9426289078
437	0.1110690497	0.2379925175	0.9426515256
438	0.1110419459	0.2379300599	0.9426816222
439	0.1110316328	0.2378993472	0.9426964189
440	0.1110028244	0.2377619661	0.9427625826
441	0.1110007632	0.237758546	0.9427642293
442	0.110992097	0.2376553141	0.9428139207
443	0.1108754693	0.2375570761	0.9428611881
444	0.1108725578	0.2375493131	0.9428649225
445	0.1108694437	0.2374962736	0.9428904336
446	0.1108519173	0.237453035	0.9429112265
447	0.1108461893	0.237425273	0.9429245748
448	0.1108069632	0.2373295889	0.9429705692
449	0.1107767572	0.2372520593	0.9430078233
450	0.1107707295	0.2372206828	0.9430228967
451	0.110770667	0.2372202363	0.9430231111
452	0.110692951	0.2371198155	0.9430713402
453	0.1106850363	0.2370680084	0.9430962136
454	0.1106822429	0.2370627993	0.9430987143
455	0.1106762722	0.2369700205	0.9431432442
456	0.1106280457	0.2367567689	0.9432455301
457	0.1106168067	0.2366570597	0.9432933239
458	0.1106094412	0.2363502188	0.9434402762
459	0.1105751606	0.2362842971	0.9434718225
460	0.1105659997	0.2361725631	0.9435252719
461	0.1105560663	0.2360791086	0.9435699576
462	0.1105475401	0.235991349	0.9436119042
463	0.1104420689	0.2357713933	0.9437169683
464	0.1104244183	0.2356594562	0.9437703986
465	0.1104259705	0.2356419884	0.943778734
466	0.1104034933	0.2355957413	0.9438007999
467	0.1104015013	0.2355392449	0.94382775
468	0.1103481164	0.2353576954	0.9439143098
469	0.1103012049	0.2353053816	0.9439392398
470	0.1102904328	0.2352000886	0.9439894
471	0.1102549177	0.2350192256	0.9440755084
472	0.1102447048	0.234996037	0.9440865436
473	0.1102391541	0.2349429544	0.944111801
474	0.1102340227	0.2349368434	0.9441147083
475	0.1101213159	0.2347575119	0.9441999923
476	0.1101152131	0.2346887512	0.9442326753
477	0.1101019533	0.2346170834	0.9442667298
478	0.1100945243	0.2345413169	0.9443027207
479	0.1100478727	0.2344428028	0.9443494998
480	0.1100057649	0.2343360499	0.9444001688
481	0.1099464227	0.234294104	0.9444200716
482	0.1099322088	0.2342615373	0.9444355217
483	0.1099008392	0.2342301465	0.9444504119
484	0.1098647975	0.234082918	0.9445202228
485	0.1098246179	0.2340226167	0.9445488031
486	0.1098233735	0.2339849151	0.9445666682
487	0.1098117319	0.2338132685	0.9446479679
488	0.1097678008	0.2336763596	0.9447127715
489	0.1097693479	0.2336032927	0.944747341
490	0.1097004612	0.2334748584	0.9448080798
491	0.1096902588	0.2333392189	0.9448721897
492	0.1096824269	0.233248202	0.9449151879
493	0.109619792	0.2330757979	0.9449965891
494	0.1096067989	0.2329840595	0.9450398791
495	0.1095876461	0.2329096823	0.9450749641
496	0.1095801524	0.2328821485	0.9450879495
497	0.1095702761	0.2328552906	0.9451006146
498	0.1095603276	0.2328311745	0.9451119855
499	0.1094880942	0.2326387822	0.9452026578
500	0.1094311251	0.2323989692	0.945315574
501	0.1093638533	0.2323328366	0.9453466921
502	0.1093063263	0.2320959117	0.9454581024
503	0.1092450003	0.2319934379	0.9455062538
504	0.1092328531	0.2319340502	0.9455341498
505	0.109202411	0.2318380103	0.9455792472
506	0.109193352	0.2318037239	0.9455953425
507	0.1091769915	0.2317168603	0.9456361089
508	0.1091512786	0.2316290278	0.9456773145
509	0.1091382339	0.231211442	0.9458730062
510	0.1091349917	0.2311585559	0.9458977648
511	0.1090988349	0.2308752694	0.9460302889
512	0.1090666253	0.2307939524	0.9460682997
513	0.1090213467	0.2307213823	0.9461022106
514	0.1090116029	0.2305742256	0.9461709419
515	0.1089844414	0.2304924783	0.9462091041
516	0.1089569367	0.2304388669	0.9462341241
517	0.1089544348	0.2304345043	0.9462361598
518	0.1089488719	0.2303356725	0.9462822678
519	0.1089275674	0.2302835135	0.9463065936
520	0.1089022877	0.2302264152	0.9463332167
521	0.1088533134	0.2301046513	0.946389969
522	0.1088256989	0.2298655484	0.9465013241
523	0.1088010447	0.2298248837	0.9465202509
524	0.1087558224	0.2296965732	0.9465799494
525	0.1087465619	0.2296400284	0.9466062472
526	0.1087457289	0.2296318086	0.9466100695
527	0.1087164032	0.2295761933	0.9466359277
528	0.1087037164	0.2294742849	0.9466832936
529	0.1086975237	0.2294219091	0.9467076291
530	0.1086707281	0.2293345734	0.9467481958
531	0.108664173	0.2293094055	0.9467598831
532	0.1086495485	0.2292813015	0.9467729325
533	0.1086378817	0.2292486905	0.9467880725
534	0.1086347817	0.2291966292	0.9468122382
535	0.1086189833	0.2291537874	0.9468321202
536	0.1086142974	0.2291404601	0.9468383044
537	0.108596344	0.2290655891	0.9468730396
538	0.1085385249	0.2289681241	0.9469182398
539	0.1085166767	0.2288568753	0.9469698091
540	0.1084597422	0.228725068	0.9470308756
541	0.1084348072	0.2286028165	0.9470874835
542	0.1084251582	0.2285774652	0.9470992185
543	0.1084059673	0.2285048593	0.9471328202
544	0.108398049	0.2284513398	0.947157582
545	0.108342091	0.2283483013	0.9472052383
546	0.1083055264	0.2282742238	0.9472394867
547	0.1083036522	0.2282705364	0.9472411911
548	0.1082625414	0.2282247027	0.9472623756
549	0.1082189527	0.2281276449	0.9473072218
550	0.1081601799	0.2280363438	0.9473493907
551	0.1081293718	0.2279998582	0.9473662374
552	0.1081266012	0.2279966219	0.9473677316
553	0.1081255926	0.2279961654	0.9473679424
554	0.1081146687	0.2279675695	0.9473811441
555	0.1081041758	0.2279397798	0.947393972
556	0.1081045398	0.2279329467	0.947397126
557	0.108095835	0.2279248175	0.9474008781
558	0.1080822643	0.2278956547	0.9474143372
559	0.1080774213	0.2278462468	0.9474371359
560	0.1080265895	0.2277759221	0.947469578
561	0.1080045623	0.2277197689	0.9474954752
562	0.1079777583	0.227659647	0.9475231958
563	0.1079770081	0.227659271	0.9475233691
564	0.1079455234	0.227609588	0.947546271
565	0.1079409255	0.2275922405	0.9475542663
566	0.1079159181	0.2275427985	0.9475770504
567	0.1078640403	0.2274322694	0.947627967
568	0.1078501898	0.2273714137	0.9476559904
569	0.1078460921	0.2273253761	0.9476771852
570	0.1078386348	0.2273068574	0.9476857096
571	0.1078090852	0.227220531	0.9477254378
572	0.1078055882	0.2272093154	0.9477305982
573	0.1077508913	0.2270729799	0.9477933073
574	0.1077422565	0.2269873857	0.947832658
575	0.1077163986	0.2269164468	0.94786526
576	0.1076900373	0.226814752	0.9479119789
577	0.107677639	0.226777871	0.947928917
578	0.1076664009	0.2267416397	0.947945554
579	0.1076577241	0.2267075603	0.9479612004
580	0.1076476076	0.2266694201	0.9479787085
581	0.1076370149	0.2266513945	0.947986982
582	0.1076159623	0.2265839502	0.9480179323
583	0.1076104762	0.2265138252	0.9480501029
584	0.1076080822	0.2264840712	0.9480637499
585	0.1075553572	0.2263202367	0.9481388623
586	0.1075506572	0.2262732565	0.948160391
587	0.1075300297	0.2261718804	0.9482068315
588	0.1075151329	0.2260598407	0.9482581327
589	0.1074828874	0.22599115	0.9482895726
590	0.1074789665	0.2259494558	0.9483086514
591	0.1074422669	0.225875306	0.948342573
592	0.1074030657	0.2258022345	0.9483759903
593	0.1073690022	0.2257519153	0.9483989962
594	0.107359654	0.2257255356	0.9484110549
595	0.1073147434	0.2255992695	0.9484687543
596	0.1072738002	0.2254970654	0.9485154345
597	0.1072350394	0.2253643749	0.9485760074
598	0.1072300101	0.22534859	0.9485832108
599	0.1072294282	0.2253461213	0.9485843373
600	0.1071912945	0.2252536612	0.9486265206
601	0.1071693435	0.2251219067	0.9486866014
602	0.1071612579	0.2250856424	0.948703132
603	0.107147985	0.2250459284	0.9487212319
604	0.107145425	0.2250309166	0.9487280729
605	0.1071454155	0.2250286406	0.94872911
606	0.1071392223	0.2249985908	0.9487428023
607	0.1070898405	0.2247522291	0.9488549888
608	0.1070276192	0.2246390114	0.9489065038
609	0.1070223213	0.2246247446	0.9489129935
610	0.106994597	0.2245273313	0.9489572938
611	0.1069908652	0.2244763451	0.948980473
612	0.1069546828	0.2243863125	0.9490213904
613	0.1069393151	0.2243341556	0.9490450869
614	0.1069381107	0.2243298279	0.9490470528
615	0.1069377164	0.2243266461	0.9490484982
616	0.1069292733	0.2242944055	0.9490631428
617	0.1069115276	0.2242430135	0.9490864822
618	0.106866506	0.2241951758	0.9491082026
619	0.1068558645	0.2241735671	0.9491180124
620	0.1068496496	0.2239104914	0.949237366
621	0.1068269626	0.223862551	0.9492591007
622	0.1068276105	0.223854398	0.9492627966
623	0.1068049214	0.2238170302	0.9492797342
624	0.1067864119	0.2237625688	0.9493044147
625	0.1067569849	0.2236411112	0.9493594346
626	0.1067333982	0.2235644546	0.9493941444
627	0.1067017818	0.2234154014	0.949461601
628	0.1066289866	0.2233592378	0.9494870071
629	0.1066200821	0.2232154779	0.9495520092
630	0.1066176323	0.2232096923	0.9495546243
631	0.1066115341	0.2231963338	0.9495606622
632	0.1065876768	0.2231441981	0.9495842234
633	0.1065747111	0.2230600518	0.9496222392
634	0.1065262381	0.2229838594	0.9496566491
635	0.1064628755	0.2228703498	0.9497078905
636	0.1064476108	0.2228290312	0.9497265364
637	0.106437602	0.2227590481	0.9497581098
638	0.10643286	0.2227481915	0.949763007
639	0.1064073292	0.2227014645	0.9497840817
640	0.10638908	0.2226277246	0.9498173307
641	0.1063447027	0.2225547796	0.9498502105
642	0.1062969563	0.222386047	0.949926225
643	0.1062661041	0.2222742908	0.9499765398
644	0.1062224655	0.2221713377	0.9500228688
645	0.1062141387	0.2220890738	0.9500598722
646	0.1062054513	0.222031825	0.9500856155
647	0.1062011953	0.2219999875	0.9500999291
648	0.106163598	0.2219177198	0.9501369057
649	0.1061495436	0.2218765327	0.9501554128
650	0.106095831	0.221747707	0.9502132774
651	0.1060666019	0.2216835128	0.9502420989
652	0.10605879	0.2216646461	0.950250568
653	0.106020826	0.2215893908	0.9502843422
654	0.1059246056	0.2214255063	0.950357853
655	0.1059044092	0.2213618713	0.950386382
656	0.1058529674	0.2212762311	0.9504247635
657	0.1058521781	0.2212759406	0.9504248937
658	0.1058183285	0.2211712724	0.9504717828
659	0.1058018296	0.2211355269	0.9504877909
660	0.105711597	0.2210371206	0.9505318474
661	0.1056819605	0.2209698087	0.9505619716
662	0.1056620947	0.2209347916	0.9505776393
663	0.1056521646	0.2209282257	0.9505805768
664	0.1056347704	0.2209092483	0.9505890665
665	0.1056235115	0.2208169712	0.9506303373
666	0.1056055426	0.220779194	0.9506472281
667	0.1055987308	0.2207256624	0.950671158
668	0.1055812621	0.2206839328	0.9506898081
669	0.1055584728	0.2205947907	0.9507296363
670	0.1055359269	0.22055871	0.9507457524
671	0.1054930663	0.2204372733	0.9507999749
672	0.1054742057	0.2203769684	0.9508268905
673	0.1054628307	0.2203406359	0.9508431031
674	0.1054608478	0.2203358827	0.9508452239
675	0.1054582232	0.2203135243	0.9508551993
676	0.1054408072	0.2202553973	0.9508811283
677	0.105429958	0.2202128079	0.9509001221
678	0.1053899369	0.2201137331	0.9509442927
679	0.105384685	0.2200894222	0.9509551282
680	0.105381501	0.2200692245	0.9509641295
681	0.1053717462	0.2200487538	0.9509732517
682	0.1053661924	0.2200381286	0.9509779861
683	0.1053612204	0.2199886662	0.951000023
684	0.1053320214	0.2198991293	0.9510399015
685	0.1053326768	0.2198896484	0.9510441233
686	0.1053059995	0.2197874745	0.9510896083
687	0.1053009915	0.2197252711	0.9511172893
688	0.1052809405	0.219680129	0.9511373729
689	0.1052435113	0.2196448176	0.95115308
690	0.1052320966	0.2196177263	0.951165129
691	0.1052027099	0.2195640987	0.9511889757
692	0.1051444051	0.219407259	0.9512586844
693	0.1051287077	0.2193728552	0.9512739688
694	0.1051219535	0.2193482774	0.9512848864
695	0.1051220055	0.219347198	0.9512853659
696	0.1051062299	0.2193076289	0.95130294
697	0.1050940039	0.2192713185	0.9513190641
698	0.1050814742	0.2192145273	0.9513442775
699	0.105064253	0.2191858722	0.951356997
700	0.1050071143	0.2190620174	0.9514119546
701	0.1050049813	0.2190422254	0.9514207339
702	0.1049837318	0.2189637371	0.951455542
703	0.1049391438	0.2187894083	0.9515328089
704	0.104887743	0.2186783054	0.9515820205
705	0.1048630172	0.2186060032	0.9516140323
706	0.1048470494	0.2185819092	0.9516246976
707	0.1048420929	0.2185703863	0.9516297978
708	0.1048368927	0.2185504759	0.9516386099
709	0.1048221543	0.2185192455	0.9516524304
710	0.1048126788	0.2184141525	0.951698923
711	0.1048082689	0.2184072126	0.9517019924
712	0.104808158	0.2184063203	0.951702387
713	0.1047860555	0.2182521025	0.9517705693
714	0.1047699402	0.2181981245	0.9517944225
715	0.1047645973	0.218164431	0.9518093089
716	0.1047558439	0.2180539992	0.9518580835
717	0.1047529914	0.2180348346	0.9518665454
718	0.104724766	0.2179319997	0.9519119385
719	0.1047099915	0.2178935733	0.951928895
720	0.1046853433	0.2178447391	0.95195044
721	0.1046697752	0.2178115211	0.9519650925
722	0.1046368928	0.2177307214	0.9520007241
723	0.1046296218	0.2177038359	0.9520125773
724	0.1046122513	0.2176518205	0.9520355056
725	0.1046014743	0.2176295668	0.9520453133
726	0.1045970069	0.2176191847	0.9520498885
727	0.1045878408	0.2175902467	0.9520626401
728	0.1045467904	0.2175157738	0.9520954487
729	0.1045316392	0.2174704268	0.9521154206
730	0.1045239452	0.2174290734	0.9521336301
731	0.1045108306	0.2173803897	0.9521550628
732	0.1045104657	0.2173787933	0.9521557655
733	0.1044698462	0.217068848	0.9522921038
734	0.1044672229	0.2168261173	0.9523987399
735	0.1044376278	0.2168081578	0.9524066251
736	0.1044116744	0.21678332	0.9524175292
737	0.1044007449	0.2167440274	0.9524347766
738	0.1043735412	0.2167032525	0.9524526713
739	0.1043036651	0.2166090221	0.9524940129
740	0.1042879742	0.216489871	0.9525462622
741	0.1042616604	0.2163547013	0.952605501
742	0.1042524392	0.2162941026	0.9526320467
743	0.1042439421	0.2161201857	0.952708191
744	0.1042260072	0.2160111376	0.9527559031
745	0.1042153861	0.2159453382	0.9527846809
746	0.1041908946	0.2158917938	0.9528080924
747	0.1041796029	0.2158519605	0.9528255052
748	0.104147452	0.2158393413	0.9528310209
749	0.1041192628	0.2157939987	0.9528508369
750	0.1041011505	0.2157722275	0.9528603501
751	0.1040860415	0.2157440374	0.9528726666
752	0.1040821436	0.2157295775	0.9528789837
753	0.1040765716	0.2157192325	0.9528835028
754	0.1040670417	0.2156875343	0.9528973486
755	0.1040232479	0.215533831	0.9529644572
756	0.1040152073	0.2155090227	0.9529752844
757	0.104008582	0.2154729675	0.9529910177
758	0.104006753	0.2154647683	0.9529945953
759	0.1040033615	0.2154619694	0.9529958165
760	0.1039979485	0.2154519248	0.9530001989
761	0.1039949963	0.2154482749	0.9530017913
762	0.1039869654	0.2154001155	0.9530228001
763	0.1039868402	0.2153904956	0.9530269961
764	0.1039838447	0.2153879138	0.9530281222
765	0.1039749585	0.2153441669	0.9530472009
766	0.1039643573	0.2153144431	0.9530601617
767	0.1039458833	0.2152565464	0.953085402
768	0.1039436586	0.2152328565	0.9530957277
769	0.1039116407	0.2151785875	0.9531193777
770	0.1039058414	0.2150861072	0.9531596661
771	0.103905291	0.2150754404	0.9531643119
772	0.1039043997	0.2150629922	0.9531697333
773	0.1038898028	0.2150292927	0.9531844084
774	0.1038800584	0.2150032611	0.9531957428
775	0.103854202	0.2149008439	0.9532403227
776	0.1038384298	0.2148854172	0.9532470358
777	0.1038108677	0.214740263	0.9533101773
778	0.1038082889	0.214730435	0.9533144509
779	0.1037959627	0.2146551066	0.9533472002
780	0.1037937056	0.2145751118	0.9533819656
781	0.1037940616	0.2145680225	0.9533850459
782	0.1037780985	0.2144901866	0.9534188595
783	0.1037681941	0.2144646106	0.9534299677
784	0.1037194899	0.2144217967	0.9534485595
785	0.1037136011	0.2144107722	0.9534533463
786	0.1036855173	0.2142967824	0.9535028254
787	0.1036570592	0.2142520521	0.9535222342
788	0.103656248	0.214169699	0.9535579571
789	0.1036201317	0.2141053678	0.9535858529
790	0.1035404966	0.2140028279	0.9536302998
791	0.1035112191	0.2139037251	0.9536732367
792	0.1035006856	0.2138774426	0.9536846204
793	0.1034959978	0.2138638625	0.9536905018
794	0.103496387	0.2138626403	0.9536910311
795	0.1034909508	0.213851227	0.9536959737
796	0.1034936284	0.2138394944	0.9537010544
797	0.1034874114	0.2138226334	0.9537083553
798	0.1034761198	0.2137840886	0.9537250434
799	0.1034658937	0.2137360254	0.9537458482
800	0.1034638563	0.2137201103	0.9537527363
801	0.1034512885	0.2136724223	0.9537733726
802	0.1034414886	0.2135840194	0.9538116154
803	0.1034349752	0.2135213093	0.953838734
804	0.1034269153	0.2134698588	0.9538609776
805	0.1034250919	0.2134595585	0.95386543
806	0.1034187719	0.2134088051	0.9538873659
807	0.1033943992	0.2133885913	0.9538961009
808	0.1033782106	0.2133531131	0.9539114302
809	0.1033756265	0.2133144353	0.9539281391
810	0.1033318273	0.2132661787	0.9539489817
811	0.1033301781	0.2132640469	0.9539499024
812	0.1033191869	0.213229701	0.9539647338
813	0.1033078768	0.2132035088	0.9539760426
814	0.1033047293	0.2131885737	0.9539824904
815	0.1033017307	0.2131684894	0.9539911606
816	0.1032757016	0.2130427552	0.9540454198
817	0.1032559808	0.2129389962	0.9540901718
818	0.1032535906	0.2129024423	0.9541059325
819	0.1032493314	0.2128931671	0.9541099312
820	0.1032173111	0.2128445822	0.9541308742
821	0.1032102359	0.2128064792	0.9541472955
822	0.1032005156	0.2127734093	0.9541615454
823	0.1031845527	0.2127495754	0.954171814
824	0.103168949	0.2127104313	0.9541886764
825	0.1031590946	0.2126624221	0.9542093535
826	0.103156957	0.2126517519	0.9542139484
827	0.1031552067	0.2126213207	0.9542270518
828	0.1031408914	0.2125680388	0.9542499899
829	0.1031327895	0.2125183027	0.9542713963
830	0.103126869	0.2124841174	0.9542861068
831	0.1031193595	0.2124330243	0.9543080885
832	0.1031146264	0.2124013212	0.9543217254
833	0.1031014507	0.2123731342	0.9543338482
834	0.1030949219	0.2123610253	0.9543390556
835	0.1030859943	0.2123175923	0.9543577312
836	0.1030829194	0.2123025142	0.9543642137
837	0.103044383	0.2122202572	0.9543995702
838	0.1030323214	0.2121896789	0.9544127102
839	0.1029976529	0.2121149686	0.9544448064
840	0.1029612632	0.2120735355	0.9544626015
841	0.1029097336	0.2119552718	0.9545133756
842	0.1028988728	0.2119146645	0.9545308029
843	0.102894052	0.211902039	0.9545362207
844	0.1028917951	0.2118943523	0.9545395191
845	0.1028898133	0.2118779688	0.9545465487
846	0.1028770237	0.2118315522	0.9545664617
847	0.1028724882	0.2118117064	0.9545749744
848	0.1028675608	0.2117821321	0.9545876585
849	0.1028643395	0.2117536078	0.9545998905
850	0.1028494539	0.21171253	0.954617503
851	0.1028403058	0.2116747449	0.9546337007
852	0.102835702	0.2116464966	0.9546458083
853	0.102831697	0.2116201438	0.954657102
854	0.1028054926	0.211580605	0.954674044
855	0.1028021966	0.2115518597	0.9546863592
856	0.1027959575	0.2115453022	0.9546891683
857	0.1027924181	0.2115371891	0.9546926437
858	0.1027842781	0.2115179786	0.9547008724
859	0.1027790178	0.2114531105	0.9547286528
860	0.1027373101	0.2113823913	0.9547589291
861	0.1027348811	0.2113599298	0.9547685432
862	0.1027200476	0.211324935	0.9547835199
863	0.1026988095	0.2112910134	0.9547980349
864	0.1026901316	0.211277476	0.9548038269
865	0.1026632175	0.2112396427	0.954820012
866	0.1026597347	0.2112257621	0.9548259493
867	0.1026451721	0.2111789864	0.9548459546
868	0.1026164136	0.2111017119	0.954878994
869	0.1026141744	0.2110992781	0.9548800345
870	0.1026014432	0.211021195	0.9549134069
871	0.1025641789	0.2109180268	0.9549574818
872	0.1025609193	0.2109113994	0.9549603124
873	0.1025563163	0.2109059577	0.9549626365
874	0.1025442498	0.2108697993	0.9549780779
875	0.102478432	0.210708089	0.9550471036
876	0.1024767115	0.2106867048	0.9550562274
877	0.1024721863	0.2106106242	0.9550886806
878	0.1024689546	0.2105757533	0.9551035514
879	0.1024567181	0.2105329738	0.9551217914
880	0.1024330624	0.2104458325	0.9551589346
881	0.1024203322	0.2103778646	0.9551878947
882	0.1024168047	0.2103561902	0.9551971278
883	0.1023868341	0.2102597173	0.9552382131
884	0.1023753238	0.2102154157	0.9552570737
885	0.1023679263	0.210205919	0.9552611162
886	0.1023687239	0.2101871386	0.9552691101
887	0.1023547214	0.2101546629	0.9552829316
888	0.102343915	0.2099701118	0.9553614353
889	0.1023349934	0.2099347945	0.9553764506
890	0.102332179	0.2099145133	0.9553850721
891	0.1023264254	0.2098519522	0.9554116614
892	0.1023239572	0.2098329631	0.9554197304
893	0.102312919	0.2097705981	0.9554462262
894	0.1022845706	0.2097256137	0.9554653329
895	0.1022493523	0.2096601621	0.9554931255
896	0.1022419647	0.2095547041	0.9555378876
897	0.1022246896	0.2095212645	0.9555520766
898	0.1022203713	0.2095058225	0.9555586281
899	0.1022148134	0.2094648599	0.9555760047
900	0.1022118507	0.2094506222	0.9555820437
901	0.1022094703	0.2094328398	0.9555895856
902	0.1022073262	0.2094161766	0.9555966522
903	0.102205421	0.209400536	0.9556032846
904	0.1022018863	0.2093934919	0.9556062715
905	0.1021667823	0.2093200678	0.9556373995
906	0.1021138327	0.2092868838	0.9556514642
907	0.1021060215	0.2091808013	0.9556964112
908	0.1021031267	0.2091570635	0.9557064657
909	0.1021020884	0.2091506133	0.9557091977
910	0.1020921594	0.209077299	0.955740243
911	0.1020790655	0.2089867254	0.9557785819
912	0.1020655448	0.2089204652	0.9558066187
913	0.1020400684	0.2087771831	0.9558672154
914	0.1020229538	0.2087134906	0.9558941388
915	0.1019898365	0.2086548353	0.9559189257
916	0.1019877571	0.208639663	0.9559253362
917	0.1019759654	0.2084946746	0.9559865719
918	0.1019725928	0.2084757146	0.9559945765
919	0.1019655679	0.208451034	0.9560049951
920	0.101956371	0.2082560614	0.9560872572
921	0.1019396359	0.2082274329	0.9560993295
922	0.1019385248	0.2082089614	0.9561071179
923	0.1018696837	0.2080858422	0.9561590125
924	0.1018659939	0.2080776303	0.9561624727
925	0.1018174679	0.2080200909	0.956186714
926	0.101806482	0.2079590208	0.9562124354
927	0.1018049701	0.2079459169	0.9562179535
928	0.1017863591	0.2078793609	0.9562459752
929	0.1017844049	0.2078631366	0.9562528046
930	0.1017732205	0.2078383892	0.9562632207
931	0.1017699981	0.2078308791	0.9562663815
932	0.1017560816	0.2077648633	0.9562941603
933	0.1017433551	0.2077434327	0.9563031762
934	0.1017231599	0.2076733633	0.9563326481
935	0.1017168086	0.2076319513	0.9563500617
936	0.1016973675	0.2075575692	0.9563813304
937	0.1016778244	0.2074944593	0.9564078518
938	0.1016528711	0.2074432043	0.9564293853
939	0.101611452	0.207301131	0.9564890459
940	0.1015888186	0.2072521995	0.9565095842
941	0.1015771449	0.2071850333	0.9565377684
942	0.101573144	0.2071713522	0.9565435081
943	0.1015513613	0.2071103741	0.956569086
944	0.1015177027	0.2070335783	0.9566012881
945	0.1015125109	0.2070079574	0.9566120288
946	0.1015112967	0.2069960007	0.9566170408
947	0.1015049489	0.2069535516	0.9566348323
948	0.1015062809	0.2069358215	0.9566422623
949	0.1014644987	0.2068335275	0.9566851175
950	0.1014609248	0.2068287887	0.9566871023
951	0.1014535398	0.2068179508	0.9566916414
952	0.1014439585	0.2067442374	0.9567225075
953	0.1014366054	0.2067041922	0.9567392711
954	0.1014355195	0.206688077	0.9567460163
955	0.101423332	0.2066594478	0.956757998
956	0.1014007635	0.2065943305	0.9567852444
957	0.1013892078	0.2065547514	0.9568018009
958	0.101353273	0.2064802269	0.9568329669
959	0.1013484951	0.2064609323	0.956841034
960	0.101345164	0.2064565561	0.9568428636
961	0.1013185953	0.2064196233	0.9568583029
962	0.1013065427	0.2063759644	0.9568765504
963	0.1013042327	0.2063643627	0.9568813987
964	0.1012846846	0.2063292689	0.9568960628
965	0.1012831263	0.2063179134	0.9569008072
966	0.1012703827	0.2062624459	0.956923978
967	0.1012673237	0.2062024342	0.9569490402
968	0.101241298	0.2061866928	0.9569556129
969	0.1012400047	0.2061841991	0.9569566541
970	0.1012396018	0.2061719345	0.9569617747
971	0.1012300591	0.2061622019	0.9569658379
972	0.1011775425	0.2061083053	0.9569883357
973	0.1011672463	0.2060631101	0.9570071967
974	0.1011612686	0.2060346929	0.9570190538
975	0.1011497338	0.2060063703	0.9570308697
976	0.1011263301	0.2059711051	0.9570455798
977	0.1011254912	0.2059704111	0.9570458692
978	0.1011151899	0.2059472102	0.9570555456
979	0.1011142222	0.2059404199	0.9570583774
980	0.1010911595	0.2059133911	0.9570696484
981	0.1010903007	0.2059049381	0.9570731731
982	0.1010808571	0.2058802283	0.9570834754
983	0.1010487421	0.2058428181	0.9570990706
984	0.1010474923	0.2058283288	0.95710511
985	0.1010312259	0.2058063007	0.9571142908
986	0.101031685	0.205792878	0.9571198847
987	0.1010126122	0.2057741092	0.9571277059
988	0.1010066702	0.2057531426	0.957136442
989	0.1010049798	0.205743293	0.9571405458
990	0.1009661336	0.2055909056	0.9572040115
991	0.1009407159	0.2055234807	0.9572320774
992	0.1009341286	0.2054976544	0.9572428252
993	0.1009330846	0.2054893079	0.9572462984
994	0.1009264411	0.2054688181	0.9572548241
995	0.1009154196	0.2054134023	0.9572778781
996	0.1008780984	0.2053044207	0.9573231983
997	0.1008773097	0.2052956382	0.9573268495
998	0.1008745126	0.2052687333	0.9573380338
999	0.1008702719	0.2052338184	0.9573525456
1000	0.1008608187	0.2052133132	0.9573610671
1001	0.1008492315	0.2051975931	0.9573675994
1002	0.1008296114	0.2051538514	0.9573857733
1003	0.1008166306	0.2050780944	0.9574172397
1004	0.1007985434	0.2050267735	0.9574385498
1005	0.1007954112	0.204985004	0.9574558898
1006	0.1007896311	0.2049808839	0.9574576001
1007	0.1007698066	0.2049319081	0.9574779268
1008	0.1007180871	0.2047667144	0.9575464525
1009	0.1007026709	0.2047260247	0.9575633229
1010	0.1006974807	0.2047168628	0.9575671211
1011	0.1006846411	0.2046724969	0.957585511
1012	0.1006762451	0.2046517094	0.9575941262
1013	0.100672282	0.2046467629	0.9575961761
1014	0.1006462001	0.2046064958	0.9576128616
1015	0.1006398013	0.2045707411	0.9576276745
1016	0.1006249625	0.2045280757	0.957645347
1017	0.1006019985	0.2045038077	0.9576553975
1018	0.1005947688	0.204492699	0.9576599977
1019	0.1005917378	0.2044885633	0.9576617103
1020	0.1005346226	0.2043542611	0.9577173052
1021	0.1005192647	0.2042371556	0.9577657516
1022	0.1005040718	0.2040973063	0.9578235707
1023	0.1004705736	0.2040304096	0.9578512144
1024	0.1004403136	0.2039663922	0.9578776598
1025	0.100438163	0.2039195313	0.9578970126
1026	0.1004198351	0.2038690889	0.9579178396
1027	0.1004187209	0.2038570311	0.9579228173
1028	0.1004176795	0.2038458507	0.9579274326
1029	0.1004169718	0.2038421471	0.9579289614
1030	0.1004036633	0.2038006821	0.9579460756
1031	0.1004032853	0.2037971465	0.9579475347
1032	0.100397238	0.2037805401	0.9579543877
1033	0.100384454	0.2037396601	0.9579712554
1034	0.1003685538	0.2036174999	0.9580216403
1035	0.1003654606	0.203601711	0.9580281502
1036	0.1003587159	0.2035545629	0.9580475868
1037	0.1003569869	0.2033606629	0.958127474
1038	0.1003576999	0.2033536623	0.9581303569
1039	0.1003494017	0.2033329279	0.9581388947
1040	0.1003342621	0.2032061275	0.9581910884
1041	0.1002702783	0.2031339136	0.9582207986
1042	0.1002589855	0.2030606247	0.9582509403
1043	0.1002043807	0.202968611	0.9582887675
1044	0.1001942966	0.2029417734	0.9582997974
1045	0.1001940844	0.2028579933	0.9583342203
1046	0.1001861374	0.2028310665	0.9583452808
1047	0.100185277	0.2028232614	0.9583484865
1048	0.1001835949	0.2028133481	0.958352558
1049	0.100145953	0.2027620639	0.9583736176
1050	0.1001485184	0.2027160004	0.9583925288
1051	0.1001420263	0.2026872031	0.9584043493
1052	0.1001401509	0.2026820675	0.9584064571
1053	0.1001389668	0.2026722991	0.9584104663
1054	0.1001381531	0.2026635574	0.9584140539
1055	0.1001241404	0.2026358475	0.9584254251
1056	0.1001148006	0.202609702	0.9584361529
1057	0.1001135123	0.2025969792	0.9584413727
1058	0.100105148	0.2025763288	0.9584498443
1059	0.1000957394	0.2025452101	0.9584626087
1060	0.1000887135	0.2025337919	0.9584672918
1061	0.1000856371	0.202528277	0.9584695536
1062	0.1000858848	0.2024982123	0.9584818828
1063	0.1000701618	0.2024783272	0.9584900365
1064	0.1000599824	0.202435726	0.958507502
1065	0.1000508198	0.2023778578	0.9585312206
1066	0.1000407638	0.2023291035	0.9585511985
1067	0.1000101418	0.2022413225	0.958587156
1068	0.0999976607	0.2021898753	0.958608223
1069	0.09999688366	0.2021795378	0.9586124554
1070	0.09998934423	0.2021450334	0.9586265808
1071	0.09997481494	0.2021012081	0.9586445185
1072	0.09994640211	0.2020683715	0.9586579559
1073	0.09994657007	0.2020623471	0.958660421
1074	0.0999348725	0.2020230258	0.9586765088
1075	0.09992519793	0.2019921339	0.9586891456
1076	0.09991158474	0.2018066375	0.9587649851
1077	0.09989867837	0.2017716437	0.9587792844
1078	0.09989450669	0.2017623282	0.9587830905
1079	0.09988762831	0.2017278625	0.9587971709
1080	0.09988463588	0.2017170006	0.9588016079
1081	0.09987954217	0.2016465997	0.95883036
1082	0.09987510206	0.2016322396	0.9588362236
1083	0.09986675559	0.2016142384	0.9588435732
1084	0.09985523049	0.2015712294	0.9588611306
1085	0.09983685102	0.2015439914	0.9588722479
1086	0.09982928065	0.2014928638	0.9588931118
1087	0.0998167942	0.2014617451	0.9589058079
1088	0.09981485211	0.2014528201	0.9589094489
1089	0.0998139698	0.2014396501	0.9589148214
1090	0.09977247847	0.2013893744	0.958935327
1091	0.09974304068	0.2013458417	0.9589530783
1092	0.09973876981	0.2013282409	0.9589602543
1093	0.09973702684	0.201326327	0.9589610346
1094	0.09973111614	0.2012824737	0.958978911
1095	0.09972719947	0.2012700876	0.9589839594
1096	0.09971511088	0.2011615582	0.959028181
1097	0.09970949465	0.2011149743	0.9590471549
1098	0.09970785309	0.2011072281	0.9590503096
1099	0.09969794577	0.2010924487	0.9590563281
1100	0.09968871138	0.2010590607	0.959069923
1101	0.09966756959	0.2009688074	0.9591066609
1102	0.09965810961	0.2009313546	0.9591219014
1103	0.09963875024	0.2007587426	0.9591921046
1104	0.09962913942	0.2007301237	0.9592037384
1105	0.09961076738	0.200408337	0.9593344331
1106	0.09960466866	0.200388345	0.9593425459
1107	0.09959368229	0.2003675123	0.9593509991
1108	0.09959216804	0.200365793	0.9593516967
1109	0.09958946924	0.2003601427	0.9593539893
1110	0.09957578776	0.2003011917	0.9593779039
1111	0.09956990731	0.2002847884	0.959384557
1112	0.09955477966	0.2002519313	0.9593978819
1113	0.09953304589	0.2002229478	0.9594096342
1114	0.09951731353	0.2001588788	0.9594356069
1115	0.09949959963	0.2001214899	0.9594507601
1116	0.09945880811	0.2000601369	0.9594756193
1117	0.09944838301	0.2000264573	0.9594892625
1118	0.09944329095	0.1999420462	0.9595234463
1119	0.0994145885	0.1998835349	0.9595471331
1120	0.09941249773	0.1998732059	0.9595513138
1121	0.09940739777	0.1997326238	0.9596081935
1122	0.09938839286	0.1997107144	0.9596170545
1123	0.09938187495	0.1996754269	0.9596313239
1124	0.09937082413	0.1996491677	0.959641941
1125	0.09936549073	0.1996362228	0.9596471743
1126	0.09935749686	0.1996046873	0.959659922
1127	0.09933881227	0.1995539535	0.9596804259
1128	0.09932793076	0.1995233275	0.9596928008
1129	0.09931596815	0.1994953166	0.9597041175
1130	0.09930186033	0.1994559159	0.9597200329
1131	0.09929595229	0.1994342058	0.9597288011
1132	0.09928198083	0.1993785966	0.959751256
1133	0.09927834774	0.199358069	0.9597595434
1134	0.09926338313	0.1993196247	0.9597750619
1135	0.09924725284	0.199274555	0.959793251
1136	0.09924451376	0.1992437822	0.9598056678
1137	0.09923555493	0.1992186915	0.9598157905
1138	0.09921826908	0.1991604465	0.9598392841
1139	0.09921280664	0.1991137627	0.9598581095
1140	0.09920122019	0.1990936644	0.9598662128
1141	0.0991871772	0.1990759285	0.959873363
1142	0.09912560515	0.1989536332	0.9599226487
1143	0.09911049804	0.1989041967	0.9599425632
1144	0.09908424823	0.1988693503	0.9599565975
1145	0.09907787993	0.1988297394	0.9599725476
1146	0.09906373419	0.198761929	0.9599998455
1147	0.09905097695	0.1987417779	0.9600079557
1148	0.09902408306	0.1986686224	0.9600373919
1149	0.09902332155	0.1986637586	0.9600393486
1150	0.09901974175	0.198635781	0.9600506031
1151	0.09897905742	0.1985530811	0.9600838612
1152	0.09894915713	0.1984342522	0.9601316244
1153	0.09893531488	0.198413824	0.9601398327
1154	0.09891762481	0.198332272	0.9601725926
1155	0.09889699235	0.19830211	0.9601847054
1156	0.09885067152	0.1982321677	0.9602127866
1157	0.09882887395	0.1981793655	0.9602339797
1158	0.09880997525	0.1981169399	0.960259028
1159	0.0988044137	0.1981114241	0.9602612408
1160	0.09879487847	0.1980951119	0.9602677846
1161	0.09879106383	0.1980911054	0.9602693917
1162	0.09878710582	0.1980859003	0.9602714797
1163	0.0987806121	0.1980304118	0.9602937343
1164	0.09877656207	0.1979973624	0.9603069864
1165	0.0987544318	0.197952105	0.9603251301
1166	0.09874601742	0.1979248071	0.9603360718
1167	0.09872971824	0.1978916513	0.9603493594
1168	0.09871843236	0.1977529978	0.9604049027
1169	0.09868068768	0.1976920243	0.9604293158
1170	0.09868248513	0.197604349	0.9604644067
1171	0.09867459355	0.1975864391	0.960471573
1172	0.09866882938	0.1975479042	0.9604869898
1173	0.09865172412	0.1975103555	0.9605020092
1174	0.09864239307	0.1974981449	0.9605068928
1175	0.0986408307	0.1974872149	0.9605112639
1176	0.09861537511	0.1974498655	0.960526199
1177	0.09860456201	0.1974155149	0.9605399324
1178	0.09858731494	0.1973679564	0.9605589424
1179	0.0985652194	0.1973091374	0.9605824471
1180	0.09856499503	0.1973022444	0.9605852012
1181	0.09856213278	0.1973000407	0.9605860816
1182	0.09856039804	0.197294788	0.9605881802
1183	0.09854402691	0.1972042393	0.9606243481
1184	0.09854036815	0.197194706	0.9606281551
1185	0.09852898383	0.1971633097	0.9606406912
1186	0.09852067511	0.1970894163	0.9606701881
1187	0.09850950272	0.1970659144	0.9606795673
1188	0.0984967695	0.1970540502	0.9606843016
1189	0.09848736451	0.1970069202	0.9607031059
1190	0.09847814025	0.1969974352	0.9607068897
1191	0.09846833424	0.1969679015	0.9607186705
1192	0.09844622684	0.1969291294	0.9607341336
1193	0.09843760826	0.1969117166	0.9607410772
1194	0.09841682629	0.1968780453	0.9607545023
1195	0.09841372937	0.1968659678	0.9607593172
1196	0.09839672642	0.1968125465	0.9607806109
1197	0.09838820663	0.1968023292	0.9607846829
1198	0.09838238957	0.1967949268	0.9607876329
1199	0.09837816269	0.1967611275	0.9608011011
1200	0.09837485557	0.1967420513	0.9608087015
1201	0.09835990053	0.1967210864	0.9608170535
1202	0.09834823239	0.1967015948	0.9608248178
1203	0.09833539062	0.1966211108	0.9608568697
1204	0.09832047595	0.1965921356	0.9608684056
1205	0.09831047226	0.1965782847	0.9608739194
1206	0.09829974721	0.1965228584	0.9608959799
1207	0.09828491526	0.1964974221	0.9609061018
1208	0.0982773051	0.1964754583	0.9609148409
1209	0.09825093348	0.1964110521	0.9609404616
1210	0.09824355319	0.196399809	0.9609449332
1211	0.09823792257	0.1963776681	0.9609537384
1212	0.0982306099	0.1963308735	0.9609723447
1213	0.09822583595	0.1963206623	0.9609764043
1214	0.09822220893	0.1963152549	0.9609785539
1215	0.09822084247	0.1962791575	0.9609929027
1216	0.09821005527	0.1962567475	0.9610018094
1217	0.09818819563	0.1961825656	0.9610312852
1218	0.09818427606	0.1961371886	0.96104931
1219	0.09817308363	0.1961094816	0.9610603139
1220	0.09815630551	0.1960079085	0.9611006403
1221	0.09815253666	0.1959944727	0.961105973
1222	0.09814780854	0.1959530587	0.9611224081
1223	0.09813912094	0.1959311009	0.9611311206
1224	0.09812903463	0.1958720417	0.9611545494
1225	0.09812335947	0.1957942343	0.9611854049
1226	0.09810974473	0.1957574668	0.9611999812
1227	0.09809573223	0.1956801122	0.9612306392
1228	0.0980656834	0.1956319993	0.9612497017
1229	0.09806295275	0.1955959324	0.9612639885
1230	0.09804649599	0.1955741969	0.9612725971
1231	0.09804155879	0.1955643931	0.9612764796
1232	0.09803953376	0.1955544367	0.9612804225
1233	0.09803248692	0.1953501639	0.9613612718
1234	0.0980174721	0.1952983367	0.9613817711
1235	0.09800096146	0.1952708262	0.9613926502
1236	0.09799079791	0.1952530062	0.9613996963
1237	0.0979841309	0.1952322547	0.9614079008
1238	0.09796912046	0.1951801099	0.9614285132
1239	0.09794676623	0.195091015	0.961463719
1240	0.09793205839	0.1950466317	0.9614812511
1241	0.09791762906	0.1950220184	0.961490972
1242	0.09789980797	0.194941443	0.9615227862
1243	0.09788568683	0.1948972088	0.961540246
1244	0.09788235633	0.1948693908	0.9615512241
1245	0.09787477643	0.1948258159	0.9615684173
1246	0.09786594222	0.1948108901	0.9615743056
1247	0.09786050533	0.1947959694	0.9615801915
1248	0.09785674627	0.1947817026	0.961585819
1249	0.09783153643	0.1947231615	0.9616089061
1250	0.09782131189	0.1946791317	0.9616262657
1251	0.09781490934	0.1946692249	0.9616301711
1252	0.09779639906	0.1946419927	0.9616409054
1253	0.09777934877	0.1945880495	0.9616621642
1254	0.09776867885	0.1945486002	0.9616777073
1255	0.09776400141	0.194514163	0.961691273
1256	0.09775232139	0.1944676537	0.9617095904
1257	0.09774672141	0.1944472258	0.9617176345
1258	0.09773717647	0.1944161839	0.9617298564
1259	0.09773018262	0.1943838914	0.9617425687
1260	0.09771180054	0.1943493125	0.9617561787
1261	0.09770062203	0.1943173603	0.9617687527
1262	0.09769205369	0.1942727764	0.9617862941
1263	0.09768228353	0.194208691	0.9618115013
1264	0.09767315329	0.1941806919	0.9618225118
1265	0.09766254993	0.1941636077	0.9618292293
1266	0.09764939126	0.1941100159	0.9618502977
1267	0.09764811757	0.1940901984	0.961858087
1268	0.09763245258	0.1940561346	0.961871474
1269	0.09762810518	0.1940262101	0.9618832324
1270	0.09760950706	0.1939889153	0.9618978842
1271	0.09760476355	0.1939699688	0.9619053266
1272	0.09759823071	0.1939454276	0.9619149655
1273	0.09759052333	0.193927194	0.9619221262
1274	0.09758678957	0.1939099439	0.9619289001
1275	0.09755517198	0.1937656085	0.9619855548
1276	0.09755060889	0.1937506206	0.9619914355
1277	0.09754802453	0.1937250505	0.9620014671
1278	0.09753280288	0.1936890406	0.9620155923
1279	0.09753013819	0.193681877	0.962018402
1280	0.09752583832	0.1936452098	0.9620327817
1281	0.09752657569	0.1936413046	0.962034313
1282	0.09751007063	0.1936172304	0.9620437525
1283	0.0974938379	0.1935865713	0.9620557722
1284	0.09748440089	0.1935573288	0.9620672348
1285	0.09748848671	0.1934948431	0.9620917223
1286	0.09747480648	0.1934770728	0.9620986849
1287	0.09745317743	0.1934511491	0.9621088409
1288	0.09745168382	0.1934281562	0.9621178476
1289	0.09745032353	0.1934236097	0.9621196284
1290	0.09744713709	0.1934173464	0.9621220816
1291	0.09744159386	0.1934018823	0.9621281382
1292	0.0974078254	0.1933551804	0.9621464262
1293	0.09740387575	0.1933399566	0.9621523868
1294	0.09739452285	0.1933100475	0.9621640957
1295	0.09738637903	0.1932906864	0.9621716743
1296	0.09738192803	0.1932747375	0.9621779166
1297	0.09737118166	0.1932430211	0.9621903288
1298	0.09736617448	0.1932262885	0.9621968763
1299	0.09734486433	0.1931743134	0.9622172106
1300	0.09733677771	0.1931136935	0.96224092
1301	0.09733301031	0.1931049259	0.9622443486
1302	0.09731611011	0.1929646179	0.9622991944
1303	0.0973117847	0.1929583907	0.9623016276
1304	0.0973062187	0.1929466223	0.9623062259
1305	0.09730307657	0.1929362086	0.9623102946
1306	0.09729886564	0.1929295226	0.9623129068
1307	0.09728556549	0.1928682589	0.9623368376
1308	0.09727536372	0.1928351721	0.9623497588
1309	0.09726119089	0.1928066205	0.9623609071
1310	0.09724836927	0.1927712177	0.9623747283
1311	0.09724756261	0.1927667446	0.9623764744
1312	0.09724506614	0.192757072	0.96238025
1313	0.09720197791	0.1926864706	0.9624078031
1314	0.09719305339	0.1926120884	0.9624368207
1315	0.09719017475	0.1926025889	0.9624405258
1316	0.09717927021	0.1925775026	0.9624503093
1317	0.09715927059	0.1925434143	0.9624636016
1318	0.09715058397	0.1925298497	0.9624688902
1319	0.09714485404	0.1924954014	0.9624823195
1320	0.09713298829	0.192472126	0.9624913917
1321	0.09712368795	0.19245886	0.9624965621
1322	0.09711860624	0.1924495658	0.9625001842
1323	0.09711162343	0.1923994111	0.9625197275
1324	0.09710326782	0.1923673432	0.9625322204
1325	0.09708334528	0.1923186757	0.9625511761
1326	0.09702051003	0.1921538153	0.9626153528
1327	0.09701653919	0.1921328322	0.9626235171
1328	0.09701474783	0.1921309059	0.9626242665
1329	0.09701024167	0.1921216907	0.9626278518
1330	0.0970073425	0.1921029585	0.9626351391
1331	0.09700473441	0.1920781529	0.9626447881
1332	0.09699935377	0.1920453288	0.9626575542
1333	0.0969972301	0.1920224286	0.9626664594
1334	0.09699357015	0.192011158	0.9626708418
1335	0.09698879737	0.1920039803	0.9626736326
1336	0.09697695439	0.1919372565	0.9626995708
1337	0.09697113349	0.1918749737	0.9627237745
1338	0.09696802639	0.1918651975	0.962727573
1339	0.09696558057	0.1918463019	0.9627349141
1340	0.09695353454	0.1918112285	0.9627485384
1341	0.09694991637	0.1917866152	0.9627580981
1342	0.09694383025	0.1917210569	0.9627835545
1343	0.09692786562	0.1916816611	0.9627988477
1344	0.09692298931	0.191640022	0.9628150084
1345	0.09691251566	0.191603356	0.9628292361
1346	0.09690687485	0.1915937239	0.9628329732
1347	0.09689906266	0.1915778482	0.9628391324
1348	0.09688625622	0.1915608303	0.9628457341
1349	0.09688511001	0.1915423565	0.9628529
1350	0.09688433808	0.1915248024	0.9628597084
1351	0.09687684071	0.1915116753	0.9628647994
1352	0.09686859419	0.191500577	0.9628691033
1353	0.09686206369	0.1914858021	0.9628748327
1354	0.09685675616	0.1914711796	0.9628805025
1355	0.096841533	0.1913791395	0.9629161805
1356	0.09683270064	0.1913180823	0.9629398391
1357	0.09680919442	0.1912651043	0.9629603609
1358	0.09674340977	0.1911756529	0.9629949984
1359	0.09671779878	0.1911010523	0.963023873
1360	0.09670752188	0.1909902647	0.9630667331
1361	0.09669489247	0.1909761366	0.963072197
1362	0.09667993576	0.1909509651	0.9630819309
1363	0.09666191012	0.1909059688	0.9630993278
1364	0.09664863744	0.1908646516	0.9631152987
1365	0.09663756598	0.1908405785	0.9631246024
1366	0.09663783255	0.1908136114	0.9631350232
1367	0.09663127193	0.1908043931	0.963138585
1368	0.09662353491	0.1907585878	0.9631562811
1369	0.09661988914	0.1907441255	0.9631618674
1370	0.09661639435	0.1907349441	0.9631654137
1371	0.09659484706	0.190684689	0.9631848217
1372	0.0965785428	0.1905869869	0.9632225384
1373	0.09657568769	0.1905801388	0.9632251813
1374	0.0965664094	0.1905426719	0.9632396393
1375	0.09656104379	0.1905267117	0.9632457972
1376	0.09655239378	0.1904971954	0.9632571842
1377	0.09654696867	0.1904739441	0.963266153
1378	0.09651905313	0.1903663446	0.9633076435
1379	0.0965175674	0.1903567827	0.9633113294
1380	0.09650741227	0.1903322859	0.9633207717
1381	0.09650169013	0.1903195582	0.9633256771
1382	0.09649045893	0.1900744856	0.9634200666
1383	0.09643244808	0.190014689	0.9634430787
1384	0.096423759	0.1899767215	0.9634576864
1385	0.09641616017	0.1899493726	0.9634682069
1386	0.09640309069	0.1899248393	0.9634776429
1387	0.09640191788	0.1899160283	0.9634810315
1388	0.09633888203	0.1898477313	0.9635072925
1389	0.09632826706	0.1898263128	0.9635155262
1390	0.09632062118	0.1898079787	0.9635225734
1391	0.09632001607	0.1897956652	0.9635273061
1392	0.09631303719	0.1897838792	0.9635318358
1393	0.09630533682	0.1897636996	0.9635395907
1394	0.0963004784	0.1897515167	0.963544272
1395	0.09629733102	0.1897257801	0.9635541606
1396	0.09629364167	0.189712166	0.9635593908
1397	0.09627796772	0.1896794571	0.9635719554
1398	0.09626797923	0.1894465629	0.9636613555
1399	0.09625458733	0.1894268894	0.9636689024
1400	0.0962481838	0.1893767435	0.9636881353
1401	0.09623750773	0.1893338229	0.963704593
1402	0.09622671394	0.1892924361	0.963720459
1403	0.09620754491	0.1892503493	0.9637365898
1404	0.0962051001	0.1892485634	0.9637372742
1405	0.09619774762	0.1892371807	0.9637416362
1406	0.09618532675	0.1892071697	0.9637531357
1407	0.09616300024	0.1891825313	0.9637625752
1408	0.09614861127	0.1891525809	0.9637740481
1409	0.09613065567	0.1891165821	0.9637878356
1410	0.09612617036	0.1891063116	0.9637917687
1411	0.09612433163	0.1890786725	0.963802352
1412	0.09611893915	0.1890600978	0.9638094636
1413	0.09610863263	0.1890382571	0.9638178248
1414	0.09610159441	0.18902545	0.9638227272
1415	0.09607665322	0.1889820491	0.9638393382
1416	0.09605070754	0.1889398611	0.9638554813
1417	0.09604657365	0.1889132498	0.9638656621
1418	0.0960387701	0.1888992208	0.9638710287
1419	0.09603813852	0.1888920789	0.9638737606
1420	0.09603720964	0.1888908861	0.9638742168
1421	0.09603543732	0.1888831857	0.9638771622
1422	0.09602992352	0.1888650779	0.9638840879
1423	0.09602593634	0.1888443659	0.9638920088
1424	0.09601396606	0.1888126611	0.963904132
1425	0.09600488363	0.1887925244	0.9639118308
1426	0.0959979852	0.188788519	0.9639133621
1427	0.09599140257	0.1887668694	0.9639216382
1428	0.09598750214	0.1887476049	0.9639290017
1429	0.09595942452	0.1886907853	0.9639507157
1430	0.09594419414	0.1886496589	0.9639664283
1431	0.09592107732	0.1886068105	0.9639827952
1432	0.09591519986	0.188594045	0.9639876706
1433	0.09591301033	0.1885887107	0.9639897077
1434	0.09590553722	0.1885743012	0.9639952104
1435	0.09589167808	0.1884727104	0.9640339938
1436	0.0958913483	0.1884691824	0.9640353402
1437	0.09588858407	0.1884610955	0.9640384265
1438	0.09587974242	0.1883839369	0.9640678668
1439	0.09587560015	0.188369998	0.964073184
1440	0.09585966465	0.1882796358	0.9641076444
1441	0.09585098845	0.1882166663	0.9641316485
1442	0.09584459287	0.188199245	0.9641382881
1443	0.09583370715	0.1881823653	0.9641447208
1444	0.09582131232	0.1881574012	0.9641542332
1445	0.09581988764	0.1881503104	0.9641569349
1446	0.09580942492	0.1881268509	0.9641658725
1447	0.09580290309	0.1881118657	0.964171581
1448	0.09579839439	0.1880955203	0.9641778071
1449	0.09579634461	0.1880930266	0.964178757
1450	0.09577556315	0.1880681911	0.9641882159
1451	0.09576890763	0.1880260612	0.9642042588
1452	0.09575955701	0.1880058942	0.964211937
1453	0.09575497601	0.1879883391	0.9642186201
1454	0.09574929303	0.1879764895	0.9642231309
1455	0.09574702181	0.1879324793	0.9642398815
1456	0.09573670008	0.1879184005	0.9642452392
1457	0.09572447978	0.1878896504	0.9642561787
1458	0.09572022282	0.1878696811	0.9642637762
1459	0.09571640395	0.1878614562	0.9642669052
1460	0.09569948467	0.1877573739	0.9643064891
1461	0.09569410158	0.1877191983	0.9643210024
1462	0.09569260592	0.1876802808	0.9643357946
1463	0.09568546677	0.18764395	0.9643496009
1464	0.09567488164	0.1875745882	0.9643759521
1465	0.09567190507	0.1875388217	0.9643895363
1466	0.09565230232	0.1875181199	0.9643973977
1467	0.09564356718	0.1874758414	0.9644134501
1468	0.09563727299	0.1874665283	0.9644169856
1469	0.09562886412	0.1874149036	0.9644365807
1470	0.0956229804	0.1873962168	0.9644436722
1471	0.0956164375	0.1873848377	0.9644479902
1472	0.09560471627	0.1873537514	0.9644597851
1473	0.09559580633	0.1872350136	0.9645048189
1474	0.09557334844	0.1872204992	0.9645103218
1475	0.09556159239	0.1872015311	0.9645175127
1476	0.09553291038	0.187104805	0.9645541705
1477	0.09551667524	0.1870941808	0.9645581957
1478	0.09550546872	0.187070458	0.9645671829
1479	0.09548765427	0.1870442476	0.9645771112
1480	0.09548530369	0.1870112932	0.9645895921
1481	0.09547908253	0.1869886335	0.9645981727
1482	0.09547164499	0.1869707454	0.9646049458
1483	0.09545466304	0.1869492816	0.9646130718
1484	0.0954447929	0.1869336781	0.9646189787
1485	0.09544333705	0.1869086835	0.9646284395
1486	0.09544082334	0.1868937577	0.9646340885
1487	0.0954137977	0.1868492084	0.9646509467
1488	0.09540739793	0.1868263595	0.9646595915
1489	0.09536706051	0.1867802599	0.9646770299
1490	0.09536263252	0.18674678	0.9646896919
1491	0.09535784361	0.1867264523	0.9646973786
1492	0.0953489048	0.186704524	0.9647056697
1493	0.09534271314	0.1866900219	0.9647111524
1494	0.09533567662	0.1866510964	0.9647258665
1495	0.0953303305	0.1866070598	0.964742509
1496	0.09532587851	0.1865622699	0.9647594322
1497	0.09531328061	0.186460033	0.9647980456
1498	0.09530630432	0.1864520489	0.9648010602
1499	0.09529494177	0.186427513	0.9648103234
1500	0.09528842878	0.1864160253	0.9648146601
1501	0.09526339131	0.186360103	0.9648357672
1502	0.09525953756	0.1863270574	0.9648482368
1503	0.09524662861	0.1862955603	0.9648601201
1504	0.09524421952	0.1862851352	0.9648640528
1505	0.09523909633	0.1862486418	0.9648778178
1506	0.09523359109	0.1862324758	0.9648839146
1507	0.0952283603	0.1862267733	0.9648860651
1508	0.09522725714	0.1862228173	0.9648875569
1509	0.09520345846	0.1861736226	0.9649061059
1510	0.0952014222	0.1861563233	0.9649126274
1511	0.09519938017	0.1861377561	0.9649196263
1512	0.09519735993	0.186113073	0.9649289295
1513	0.09518977931	0.1860482554	0.9649533536
1514	0.0951684435	0.185980298	0.9649789517
1515	0.09516555002	0.1859577663	0.9649874369
1516	0.0951577563	0.1859251341	0.9649997239
1517	0.09515929423	0.1859049089	0.9650073383
1518	0.09514510389	0.1858982206	0.9650098561
1519	0.09513704984	0.185861926	0.9650235177
1520	0.09513211011	0.1858520591	0.9650272312
1521	0.09512060042	0.1858040927	0.965045281
1522	0.09512000788	0.1858032512	0.9650455976
1523	0.09511073214	0.1857899398	0.9650506059
1524	0.09510797791	0.1857839913	0.9650528438
1525	0.09509871094	0.1857640106	0.9650603604
1526	0.09509833907	0.1857602733	0.9650617663
1527	0.09509025057	0.1857472273	0.9650666735
1528	0.09508351329	0.1857333674	0.9650718866
1529	0.09508150495	0.1857110851	0.9650802667
1530	0.09507718807	0.1856856376	0.965089836
1531	0.09506739314	0.1856639325	0.9650979969
1532	0.09506259713	0.1856464513	0.965104569
1533	0.09505277153	0.1856129306	0.9651171694
1534	0.09504647182	0.1856001287	0.9651219811
1535	0.09504099368	0.1855505738	0.9651406033
1536	0.09504034292	0.1855489451	0.9651412153
1537	0.095036302	0.1855239316	0.9651506131
1538	0.09503498631	0.1855156591	0.9651537209
1539	0.09503327152	0.1855124127	0.9651549405
1540	0.09502568779	0.1854913069	0.9651628687
1541	0.09501998622	0.1854753519	0.9651688615
1542	0.09501670523	0.1854630751	0.9651734724
1543	0.09501453896	0.1854599274	0.9651746545
1544	0.09500772966	0.1854427671	0.9651810989
1545	0.09500559157	0.1854286163	0.9651864126
1546	0.09499468245	0.1853950021	0.9651990333
1547	0.09499057636	0.1853912448	0.9652004439
1548	0.09498277284	0.1853612507	0.9652117033
1549	0.09497829072	0.1853403171	0.9652195604
1550	0.09497294329	0.185311527	0.9652303649
1551	0.09496813177	0.1852792104	0.9652424909
1552	0.09495508357	0.1852210288	0.9652643167
1553	0.09493672011	0.1851997541	0.9652722957
1554	0.09491423875	0.1851620584	0.9652864313
1555	0.09490692662	0.1851211051	0.9653017852
1556	0.09490424694	0.185105057	0.9653078009
1557	0.09489862527	0.1850478595	0.9653292374
1558	0.09488883877	0.1850311056	0.9653355151
1559	0.09488639988	0.1850134466	0.9653421315
1560	0.09488277455	0.1850059945	0.9653449233
1561	0.09487261895	0.1849945844	0.9653491978
1562	0.09486600187	0.1847969484	0.9654231956
1563	0.09486051083	0.1847672505	0.965434308
1564	0.09485507797	0.1847442964	0.9654428959
1565	0.09484579113	0.1846665259	0.9654719843
1566	0.09482426801	0.1846343541	0.9654840138
1567	0.09481695892	0.1846157932	0.9654909531
1568	0.09480410626	0.1845783481	0.9655049505
1569	0.09479200433	0.1845475745	0.9655164518
1570	0.09478641742	0.1845140576	0.9655289762
1571	0.09476714249	0.1844268269	0.9655615615
1572	0.09476457241	0.1844018358	0.9655708942
1573	0.09476041214	0.1843902973	0.9655752027
1574	0.09474248666	0.1843352345	0.9655957595
1575	0.09473309872	0.184310694	0.9656049194
1576	0.09472699178	0.1842934135	0.9656113687
1577	0.09472481768	0.1842735969	0.9656187637
1578	0.0947268264	0.1842623139	0.9656229739
1579	0.09472190008	0.1842452339	0.9656293467
1580	0.09471623224	0.1842339121	0.9656335707
1581	0.09470658139	0.1841980629	0.9656469437
1582	0.09470482225	0.1841860814	0.9656514127
1583	0.09469888454	0.1841750224	0.9656555374
1584	0.09469410245	0.1841705328	0.9656572117
1585	0.09468981152	0.1841593341	0.9656613881
1586	0.09468406441	0.184141849	0.9656679084
1587	0.09465987214	0.184109226	0.965680072
1588	0.09464601715	0.1840398975	0.9657059143
1589	0.09463226696	0.1840054345	0.9657187568
1590	0.09462852053	0.1839998175	0.9657208498
1591	0.09462898991	0.1839931158	0.9657233467
1592	0.09462068188	0.1839634779	0.9657343886
1593	0.09461624019	0.1839482277	0.9657400694
1594	0.09460348162	0.1839258842	0.9657483917
1595	0.0945980946	0.1839035949	0.9657566929
1596	0.094594072	0.1838942042	0.96576019
1597	0.09459007632	0.1838858892	0.9657632863
1598	0.09458302011	0.1838628506	0.9657718646
1599	0.09457443277	0.1838558557	0.9657744689
1600	0.09457338848	0.1838543841	0.9657750168
1601	0.09457254069	0.18385237	0.9657757667
1602	0.09456408145	0.1838404441	0.9657802065
1603	0.09456317089	0.183837047	0.9657814712
1604	0.0945482004	0.1838083108	0.965792168
1605	0.09453411133	0.183776422	0.9658040363
1606	0.09451997225	0.1837292566	0.9658215866
1607	0.0945013019	0.1837019285	0.9658317533
1608	0.09449724198	0.1835549138	0.9658864204
1609	0.09449220083	0.1835317173	0.965895042
1610	0.09448745014	0.1835102971	0.9659030023
1611	0.09447593168	0.1834841414	0.9659127213
1612	0.0944712003	0.1834680257	0.9659187089
1613	0.09446638219	0.1834596334	0.9659218268
1614	0.09445847846	0.1834432075	0.9659279288
1615	0.09445756109	0.1834367942	0.9659303112
1616	0.09445613048	0.1834190574	0.9659368994
1617	0.09445444172	0.1834169367	0.965937687
1618	0.09444459857	0.183359616	0.9659589737
1619	0.09442985508	0.1833384718	0.9659668242
1620	0.09442168881	0.1833171408	0.9659747431
1621	0.09441698551	0.1833109397	0.965977045
1622	0.09440636265	0.1832499346	0.9659996867
1623	0.09439301162	0.1832155248	0.9660124543
1624	0.09438131325	0.1831858769	0.9660234531
1625	0.09437421758	0.1831592253	0.9660333388
1626	0.09437147232	0.1831452423	0.9660385249
1627	0.09436164676	0.1831038826	0.9660538622
1628	0.09436041792	0.1831009905	0.9660549346
1629	0.09435260378	0.183095123	0.96605711
1630	0.09434662002	0.1830862672	0.9660603934
1631	0.09433642414	0.1830770615	0.9660638064
1632	0.09433263889	0.1830546606	0.9660721106
1633	0.09432485867	0.1830342245	0.9660796855
1634	0.09432244015	0.1830298388	0.966081311
1635	0.09430716155	0.1829399371	0.9661146236
1636	0.09429449074	0.182879358	0.9661370617
1637	0.09429071122	0.182865068	0.9661423535
1638	0.09428166051	0.1828162744	0.9661604194
1639	0.0942746152	0.1827762715	0.966175227
1640	0.09427306255	0.182767405	0.9661785086
1641	0.09425052614	0.1827173754	0.9661970222
1642	0.09424907776	0.182714021	0.9661982634
1643	0.09423956921	0.182694683	0.966205418
1644	0.09422373881	0.1826866923	0.9662083741
1645	0.09421494282	0.1826615849	0.9662176618
1646	0.09420203058	0.1826422628	0.9662248084
1647	0.09419823595	0.1826128883	0.9662356717
1648	0.09419785131	0.1826069591	0.9662378643
1649	0.09419720621	0.1826039607	0.966238973
1650	0.09419161217	0.1825832012	0.9662466488
1651	0.09416791512	0.1825497468	0.9662590169
1652	0.09412852245	0.1824398535	0.9662996281
1653	0.09412446707	0.1824289257	0.9663036652
1654	0.09412278431	0.1824105531	0.9663104521
1655	0.09411278619	0.1823708787	0.9663251055
1656	0.09410712451	0.1823353921	0.9663382094
1657	0.09410385171	0.1823288303	0.9663406322
1658	0.09410170625	0.1823216592	0.9663432798
1659	0.09409828052	0.182312183	0.9663467784
1660	0.09408883721	0.1822935026	0.9663536745
1661	0.09407906499	0.1822389083	0.9663738247
1662	0.09405261123	0.1821079757	0.9664221259
1663	0.0940252571	0.1820754973	0.9664341018
1664	0.09402448897	0.18207246	0.9664352217
1665	0.09402232777	0.1820540117	0.9664420232
1666	0.0940087233	0.1820111525	0.9664578218
1667	0.09400391362	0.1820012616	0.9664614672
1668	0.09399449287	0.181977585	0.9664701927
1669	0.09398518751	0.1819494038	0.9664805768
1670	0.09396694479	0.1818972374	0.9664997946
1671	0.09396419006	0.1818913768	0.9665019533
1672	0.09395654178	0.1818751831	0.9665079177
1673	0.09395453559	0.1818721159	0.9665090473
1674	0.09394795477	0.1818604639	0.9665133385
1675	0.09394546041	0.1818564716	0.9665148087
1676	0.09393854643	0.1818241849	0.9665266976
1677	0.09391398651	0.1817973774	0.9665365672
1678	0.09390576129	0.1817502388	0.9665539185
1679	0.09389737488	0.1817328194	0.9665603293
1680	0.09389156437	0.1816854621	0.966577755
1681	0.09388844994	0.1816450775	0.9665926113
1682	0.09387605914	0.1816292495	0.9665984331
1683	0.09385481401	0.1815978495	0.9666099811
1684	0.09384711284	0.1815909139	0.9666125315
1685	0.09383636071	0.1815776666	0.9666174026
1686	0.09380678186	0.1815248362	0.9666368252
1687	0.09379941287	0.1815103281	0.966642158
1688	0.09379496452	0.1814651103	0.9666587762
1689	0.09378241047	0.1813731414	0.9666925631
1690	0.09376861812	0.1813231043	0.9667109383
1691	0.09376086841	0.1812961195	0.9667208458
1692	0.09375936159	0.1812912289	0.9667226412
1693	0.09375313801	0.1812801197	0.9667267195
1694	0.09374883203	0.1812570935	0.9667351717
1695	0.09374413675	0.1812226378	0.9667478173
1696	0.0937423999	0.181219808	0.9667488558
1697	0.09373883493	0.1811946975	0.9667580699
1698	0.0937306236	0.1811779442	0.9667642168
1699	0.09372446241	0.1811602169	0.9667707203
1700	0.09371407132	0.1811481548	0.9667751452
1701	0.09371304628	0.1811398365	0.9667781965
1702	0.0937092974	0.1811183885	0.9667860633
1703	0.09370464489	0.1811129643	0.9667880527
1704	0.09370057807	0.1810923115	0.9667956267
1705	0.09369421766	0.181060163	0.9668074149
1706	0.09368519466	0.1810469402	0.9668122629
1707	0.0936735883	0.1810084534	0.9668263714
1708	0.09367082724	0.1810042785	0.9668279017
1709	0.09367038651	0.1809891262	0.9668334552
1710	0.09364686199	0.1809509212	0.966847456
1711	0.09364394782	0.1809317552	0.9668544786
1712	0.09362590094	0.1809141519	0.9668609279
1713	0.0936028101	0.1808615067	0.9668802117
1714	0.0935989912	0.1808512337	0.966883974
1715	0.09359461327	0.1808447843	0.9668863359
1716	0.09358194795	0.1807780581	0.9669107673
1717	0.09357790081	0.1807652043	0.9669154726
1718	0.09357161946	0.1807406204	0.9669244709
1719	0.09355544602	0.1807073467	0.9669366479
1720	0.09353612453	0.1806894214	0.966943207
1721	0.09352829746	0.1806610622	0.9669535828
1722	0.09350097163	0.1805753025	0.9669849496
1723	0.09347745525	0.1805359578	0.966999335
1724	0.09346513131	0.1805201956	0.9670050972
1725	0.09345990823	0.1804831475	0.9670186388
1726	0.09344352125	0.1804583062	0.9670277172
1727	0.09343893313	0.1804285458	0.9670385916
1728	0.09342641064	0.180417507	0.9670426247
1729	0.09342217234	0.1804022456	0.9670482001
1730	0.09342139823	0.1803995168	0.967049197
1731	0.09342076675	0.1803969831	0.9670501225
1732	0.09341846128	0.1803931144	0.9670515358
1733	0.09341594042	0.1803734966	0.9670587017
1734	0.09341148257	0.1803547144	0.9670655617
1735	0.09339991465	0.1802989529	0.9670859236
1736	0.09339057647	0.1802669181	0.9670976187
1737	0.09336504906	0.1802255772	0.9671127081
1738	0.09336451422	0.1802227118	0.9671137538
1739	0.09336108331	0.1802065282	0.9671196598
1740	0.09335919117	0.1801972661	0.9671230396
1741	0.09335675293	0.1801677504	0.967133809
1742	0.0933523685	0.1801468665	0.9671414278
1743	0.09334328554	0.1801096209	0.9671550135
1744	0.09332504626	0.1800443988	0.9671787972
1745	0.09331967792	0.1800054476	0.9671929969
1746	0.09331771064	0.1799909256	0.9671982901
1747	0.09330136003	0.1799487345	0.9672136662
1748	0.09329326662	0.179895468	0.9672330734
1749	0.09328835869	0.1798843441	0.9672371256
1750	0.09328545919	0.179865486	0.9672439946
1751	0.0932831361	0.1798448839	0.967251498
1752	0.09324679389	0.1798047283	0.9672661205
1753	0.0932384431	0.1797796233	0.9672752607
1754	0.09323621227	0.1797732399	0.9672775846
1755	0.09322922839	0.1797581057	0.9672830938
1756	0.09322590897	0.1797544485	0.9672844251
1757	0.09321171437	0.1796825491	0.9673105914
1758	0.0932060963	0.1796579189	0.9673195527
1759	0.09320024349	0.1796134708	0.9673357212
1760	0.09319526639	0.1795896974	0.9673443675
1761	0.09319221578	0.1795742676	0.9673499786
1762	0.09318810675	0.1795643454	0.9673535865
1763	0.09317749526	0.1795427644	0.9673614333
1764	0.09317604815	0.1795413434	0.96736195
1765	0.09316753786	0.1795264339	0.9673673704
1766	0.09316071306	0.179503692	0.9673756375
1767	0.09315773939	0.1794977669	0.9673777912
1768	0.09315090711	0.1794834489	0.9673829954
1769	0.09313564322	0.1794668609	0.9673890241
1770	0.09313278975	0.179436223	0.9674001576
1771	0.09312297645	0.179378359	0.9674211795
1772	0.09311963725	0.1793698199	0.9674242812
1773	0.09310383713	0.1793403322	0.967434991
1774	0.09309668791	0.1793128936	0.9674449549
1775	0.09308146188	0.1792393246	0.967471663
1776	0.09307136917	0.1792096657	0.9674824271
1777	0.09306959226	0.1792053681	0.9674839867
1778	0.09305670923	0.1791622512	0.9674996316
1779	0.09305139485	0.1791504563	0.9675039107
1780	0.09304765969	0.1791433996	0.9675064706
1781	0.09304387006	0.179136954	0.9675088088
1782	0.09304251177	0.1791243878	0.9675133671
1783	0.09303509792	0.1791061409	0.9675199854
1784	0.09303331026	0.1791045828	0.9675205505
1785	0.0930306817	0.179086812	0.9675269954
1786	0.09302554448	0.1790733875	0.9675318636
1787	0.09302346257	0.1790636936	0.9675353788
1788	0.09301943937	0.1790565862	0.9675379559
1789	0.09301135	0.1789963601	0.9675597896
1790	0.09300083714	0.1789810857	0.9675653258
1791	0.09299314454	0.1789353668	0.9675818939
1792	0.0929828913	0.1788972285	0.9675957116
1793	0.09297541967	0.1788809293	0.9676016161
1794	0.09297352637	0.1788767268	0.9676031383
1795	0.0929664593	0.178850843	0.9676125134
1796	0.09295812561	0.1788339427	0.967618634
1797	0.09295691821	0.178832178	0.967619273
1798	0.09295577411	0.1788181066	0.9676243686
1799	0.09294853616	0.1787869949	0.9676356334
1800	0.09294717669	0.1787830106	0.9676370758
1801	0.09294235329	0.1787732279	0.9676406174
1802	0.09293497444	0.1787441216	0.9676511535
1803	0.09292129494	0.1787299169	0.9676562948
1804	0.0929102206	0.1786895673	0.9676708968
1805	0.09290338722	0.1786655947	0.9676795706
1806	0.09289942095	0.178641451	0.9676883052
1807	0.09289287728	0.1785948366	0.9677051657
1808	0.09289118527	0.1785866284	0.9677081342
1809	0.09288769269	0.1785775746	0.9677114083
1810	0.0928832491	0.1785705209	0.967713959
1811	0.09287155466	0.1785164927	0.9677334929
1812	0.09286294077	0.1784826079	0.967745741
1813	0.09286248621	0.1784748033	0.9677485617
1814	0.09285520306	0.1784355235	0.9677627563
1815	0.0928537569	0.1784321474	0.9677639762
1816	0.09283263592	0.178388517	0.9677797391
1817	0.09282709016	0.178359156	0.9677903445
1818	0.09282188954	0.178344586	0.9677956066
1819	0.09281484824	0.1783181192	0.9678051643
1820	0.0928086807	0.1783138589	0.9678067027
1821	0.09279980044	0.1782827436	0.967817937
1822	0.09278549027	0.1782287831	0.967837415
1823	0.09277895716	0.1782081127	0.9678448748
1824	0.09275872381	0.178175204	0.9678567495
1825	0.09273597401	0.1781154768	0.9678782958
1826	0.09272643646	0.178094559	0.9678858401
1827	0.09272375131	0.1780925075	0.9678865799
1828	0.09271682289	0.1780822508	0.9678902788
1829	0.09271515391	0.1780427338	0.9679045277
1830	0.09270308308	0.1780175688	0.9679136
1831	0.09270322565	0.178017427	0.967913651
1832	0.09269524335	0.1779966691	0.9679211335
1833	0.09269188638	0.1779724605	0.9679298588
1834	0.09268456758	0.1779562827	0.9679356889
1835	0.09267957897	0.1779430413	0.9679404604
1836	0.09267679211	0.1779414405	0.9679410372
1837	0.09266711913	0.177912855	0.9679513367
1838	0.09266143261	0.1778860215	0.9679610033
1839	0.09265353419	0.1778688757	0.9679671793
1840	0.09265185981	0.1778607701	0.9679700987
1841	0.0926430095	0.1778316471	0.9679805871
1842	0.09263995195	0.177814057	0.9679869211
1843	0.09263942527	0.1778115512	0.9679878234
1844	0.0926327454	0.1777724212	0.9680019113
1845	0.09262993609	0.1777638438	0.968004999
1846	0.09262591089	0.1777502951	0.968009876
1847	0.09262317289	0.1777346132	0.9680155203
1848	0.09262103828	0.1777168036	0.9680219299
1849	0.09261591896	0.1777038847	0.9680265789
1850	0.09260858784	0.1776666679	0.9680399701
1851	0.0926055569	0.1776571045	0.9680434106
1852	0.09259783905	0.1776445359	0.9680479321
1853	0.09259789887	0.177641955	0.9680488605
1854	0.0925874492	0.1775979892	0.9680646741
1855	0.09256811368	0.1775655618	0.9680763352
1856	0.09256304224	0.1775529438	0.9680808721
1857	0.09255040442	0.1774974243	0.9681008307
1858	0.09254601188	0.1774857677	0.9681050203
1859	0.09253245507	0.1774610352	0.9681139088
1860	0.09253149928	0.1774587881	0.9681147163
1861	0.09252948403	0.1774539491	0.9681164552
1862	0.09252666031	0.1774434295	0.9681202352
1863	0.09251503339	0.1774280396	0.9681257649
1864	0.09251221895	0.1774021556	0.9681350642
1865	0.09250879533	0.177378264	0.9681436464
1866	0.09250812362	0.1773613358	0.9681497266
1867	0.09249427125	0.1773320654	0.9681602384
1868	0.09249137865	0.1773215373	0.9681640189
1869	0.09248896105	0.1773161554	0.9681659514
1870	0.09248804308	0.1773108507	0.9681678561
1871	0.09248462007	0.1773064453	0.9681694378
1872	0.092477492	0.1772947401	0.9681736404
1873	0.09246766455	0.1772762554	0.9681802764
1874	0.09246760671	0.1772736045	0.9681812281
1875	0.09245582548	0.1772113008	0.9682035899
1876	0.09243930965	0.1771467312	0.9682267566
1877	0.0924357806	0.1771417484	0.9682285441
1878	0.09243190364	0.177136269	0.9682305096
1879	0.09241815132	0.1771095467	0.9682400942
1880	0.09241429608	0.1770904556	0.9682469407
1881	0.09241214006	0.1770830983	0.9682495791
1882	0.09240037403	0.1770475359	0.9682623303
1883	0.09237412334	0.1770017649	0.968278738
1884	0.09236786062	0.1769849106	0.9682847788
1885	0.09235599518	0.1769395467	0.9683010349
1886	0.09235039777	0.1769304381	0.9683042984
1887	0.09234291803	0.1769125442	0.9683107092
1888	0.09234004559	0.1768969668	0.9683162895
1889	0.09233497584	0.1768918169	0.9683181343
1890	0.09233017803	0.1768799369	0.9683223896
1891	0.09232671873	0.17686332	0.9683283412
1892	0.09232385347	0.1768397734	0.9683367739
1893	0.09231630755	0.1768259503	0.9683417237
1894	0.09231357907	0.1768036156	0.9683497207
1895	0.09230310464	0.1767883136	0.968355199
1896	0.09228874933	0.1766970117	0.9683878763
1897	0.09228470353	0.1766750811	0.9683957229
1898	0.09227287831	0.1766077418	0.9684198101
1899	0.09226960811	0.1766047669	0.968420874
1900	0.0922602138	0.1765664963	0.968434559
1901	0.09225592814	0.1765538885	0.9684390667
1902	0.09225233418	0.1765469545	0.9684415457
1903	0.09225119434	0.176525703	0.9684491428
1904	0.09224383101	0.1765152876	0.9684528659
1905	0.09223678108	0.1764971427	0.9684593513
1906	0.09221468219	0.1764802071	0.9684654039
1907	0.09221194268	0.1764703533	0.9684689253
1908	0.09220708448	0.1764579757	0.9684733483
1909	0.09219999458	0.17643311	0.9684822329
1910	0.09219471005	0.1764081092	0.9684911645
1911	0.0921923788	0.1764013202	0.9684935896
1912	0.09219194475	0.1763988984	0.9684944547
1913	0.09217261274	0.1763729872	0.9685037098
1914	0.09216625813	0.1763550645	0.9685101106
1915	0.09216274631	0.1763451264	0.9685136596
1916	0.09215417669	0.1763104232	0.9685260509
1917	0.09214420477	0.1762796517	0.9685370362
1918	0.09214339198	0.1762783772	0.9685374912
1919	0.09213910567	0.1762730619	0.9685393885
1920	0.09213863012	0.1762644716	0.9685424548
1921	0.0921197049	0.1762352818	0.9685528728
1922	0.09211739225	0.1762323024	0.968553936
1923	0.09211239391	0.1762253271	0.9685564253
1924	0.09210870335	0.1762135755	0.9685606188
1925	0.09210389053	0.176199985	0.9685654681
1926	0.09210010899	0.1761874615	0.9685699364
1927	0.09207635924	0.1760710343	0.9686114616
1928	0.09206466262	0.1760063074	0.9686345353
1929	0.09206228677	0.1759951175	0.9686385234
1930	0.09205987033	0.1759818371	0.9686432562
1931	0.09205809925	0.1759594128	0.9686512469
1932	0.0920552825	0.1759412502	0.9686577183
1933	0.09205381511	0.1759367952	0.9686593055
1934	0.09204040094	0.1759166846	0.9686664699
1935	0.09203948255	0.1759146957	0.9686671784
1936	0.09202692951	0.1758881244	0.9686766431
1937	0.09202343215	0.1758855166	0.968677572
1938	0.0920093395	0.1758629371	0.9686856135
1939	0.09200414926	0.1758008581	0.9687077174
1940	0.09199486248	0.1757646716	0.9687205983
1941	0.09199081885	0.175750743	0.9687255556
1942	0.09198347033	0.1757292421	0.9687332072
1943	0.09197161193	0.1756873529	0.9687481118
1944	0.09196901846	0.1756825131	0.9687498336
1945	0.09195141996	0.1756490294	0.9687617446
1946	0.09194423656	0.1756424608	0.9687640809
1947	0.0919427208	0.1756398509	0.9687650092
1948	0.09193208487	0.1756221147	0.9687713171
1949	0.09192872633	0.1756196081	0.9687722085
1950	0.09191569878	0.1755836069	0.9687850103
1951	0.09190979684	0.1755713054	0.9687893841
1952	0.09190441947	0.175557111	0.9687944304
1953	0.09189056025	0.1755163317	0.9688089259
1954	0.09188253766	0.1755005062	0.9688145504
1955	0.09187781044	0.1754907485	0.9688180181
1956	0.09187212908	0.1754673693	0.9688263257
1957	0.09185926435	0.1754487885	0.9688329275
1958	0.09185295165	0.1754369617	0.9688371293
1959	0.09185134127	0.1754315168	0.9688390636
1960	0.09182609895	0.1753728421	0.9688599042
1961	0.09182099644	0.1753617632	0.9688638386
1962	0.09182043311	0.1753602412	0.9688643791
1963	0.09181360819	0.1753409638	0.9688712242
1964	0.09180943712	0.1753281413	0.9688757769
1965	0.09180462268	0.1753243163	0.9688771349
1966	0.09180421213	0.1753113695	0.9688817312
1967	0.09180355262	0.1753092603	0.96888248
1968	0.09179835388	0.1752981232	0.9688864335
1969	0.0917912054	0.1752835174	0.9688916181
1970	0.09178907497	0.1752673139	0.9688973692
1971	0.09178118058	0.1752449129	0.9689053192
1972	0.09177693627	0.1752345146	0.9689090091
1973	0.09176616376	0.175216281	0.968915479
1974	0.09176119163	0.1752062581	0.9689190352
1975	0.09175851226	0.1752003608	0.9689211274
1976	0.09175130712	0.1751886795	0.9689252716
1977	0.09173981625	0.1751389149	0.9689429235
1978	0.09173690187	0.1751321659	0.968945317
1979	0.09173361625	0.1751271288	0.9689471033
1980	0.09172767725	0.1751209835	0.9689492826
1981	0.091724151	0.1751102945	0.968953073
1982	0.09171874649	0.1751028354	0.968955718
1983	0.09170462432	0.1750712126	0.9689669299
1984	0.09169944253	0.1750667585	0.9689685089
1985	0.0916950753	0.1750532422	0.9689733004
1986	0.09169328372	0.1750314838	0.9689810129
1987	0.0916907694	0.1750251043	0.968983274
1988	0.0916758112	0.1749579388	0.9690070747
1989	0.09166378263	0.1749228246	0.969019514
1990	0.09165540589	0.1749088623	0.9690244595
1991	0.09165047172	0.1748958364	0.969029073
1992	0.09164772294	0.1748869566	0.9690322178
1993	0.09164319303	0.1748666433	0.9690394113
1994	0.09162493439	0.1748437026	0.9690475342
1995	0.09162272528	0.1748415694	0.9690482895
1996	0.09161446408	0.1747599809	0.9690771695
1997	0.09160037939	0.1747373749	0.969085169
1998	0.09159121803	0.1747234311	0.9690901027
1999	0.09159021843	0.1747162733	0.9690926352
