id,price
0,1734083.3333333335
1,2294583.333333333
2,1227083.25
3,1771061.7500000002
4,2434083.3333333335
5,1822499.9166666667
6,1250333.3333333335
7,826250.0
8,1437833.3333333335
9,2041666.6666666663
10,1518750.0
11,927083.3333333334
12,662499.9166666667
13,1549083.3333333335
14,1182083.3333333335
15,1717833.3333333335
16,660416.5833333334
17,1235833.3333333335
18,826416.6666666667
19,1223333.25
20,322833.3333333334
21,1649583.3333333335
22,1433749.9166666667
23,742083.3333333334
24,1987500.0
25,972500.0
26,1104916.6666666667
27,1668250.0
28,1362833.3333333335
29,2360666.6666666665
30,1367349.75
31,1414583.3333333335
32,2292416.666666667
33,2478333.3333333344
34,2264916.666666667
35,643499.9166666667
36,851833.3333333334
37,1727728.4166666667
38,1592849.75
39,362333.3333333334
40,2207416.666666667
41,881250.0
42,393250.00000000006
43,1726519.7499999998
44,1404849.7499999998
45,524083.25000000006
46,2035333.3333333335
47,574583.2500000001
48,1242083.3333333335
49,1495749.9166666667
50,2646666.666666667
51,1339083.3333333335
52,2083250.0
53,2192000.0
54,1530661.1666666667
55,1868202.833333333
56,1083750.0
57,1470000.0
58,1226166.6666666667
59,2292416.666666667
60,411166.66666666674
61,545749.9166666666
62,1608166.5833333333
63,496166.5833333334
64,2580000.0
65,662541.6666666667
66,1295683.0833333333
67,2709166.666666667
68,378706.3333333334
69,3700833.3333333326
70,1094583.3333333335
71,672083.25
72,1263666.5833333333
73,2099783.6666666665
74,1507333.2500000002
75,1909916.6666666667
76,1859583.3333333335
77,1782916.6666666667
78,2375750.0
79,2001666.6666666663
80,2146416.666666667
81,2416583.3333333335
82,836666.6666666667
83,1532333.3333333333
84,1030333.3333333334
85,993666.5833333333
86,1226666.6666666667
87,1991061.7500000002
88,1887849.7499999998
89,460749.9166666668
90,1158333.3333333335
91,1093750.0
92,1110749.9166666667
93,1851249.9999999998
94,980416.6666666667
95,1335000.0
96,1171250.0
97,1337499.9166666667
98,2425000.0000000005
99,1719519.6666666667
100,1294016.3333333335
101,736919.4166666667
102,2361666.6666666665
103,525333.3333333334
104,1221166.6666666667
105,576666.5833333333
106,2181583.333333333
107,1567000.0
108,1614999.9166666667
109,1584166.6666666667
110,1484499.9166666667
111,2024546.25
112,454583.3333333334
113,2471666.666666667
114,3263333.3333333344
115,1934083.3333333335
116,1268333.3333333335
117,1110000.0
118,2507500.0000000005
119,1513250.0
120,2303333.3333333335
121,2175750.0
122,1917083.3333333335
123,1581583.3333333335
124,1545416.6666666667
125,2457416.666666667
126,425333.33333333343
127,1298166.6666666667
128,2292416.666666667
129,1498250.0
130,2646666.666666667
131,639083.25
132,1283250.0
133,2037833.3333333335
134,1505833.25
135,1362416.6666666667
136,2203000.0
137,2375750.0
138,2343333.3333333335
139,1272499.9166666667
140,1275333.3333333335
141,1554099.6666666667
142,1567083.3333333335
143,659333.25
144,1538183.0833333335
145,243249.9999999999
146,1740478.4166666667
147,1733333.3333333335
148,2646666.666666667
149,1885833.333333333
150,2752500.0000000005
151,1762750.0
152,1835416.6666666667
153,380105.4166666667
154,1906666.6666666667
155,1097916.5833333333
156,1647916.6666666667
157,1971333.3333333335
158,1551849.75
159,1112416.5833333333
160,548249.9166666667
161,2514916.666666667
162,1557916.6666666667
163,1777416.6666666663
164,534083.2500000001
165,892416.6666666667
166,2013166.6666666667
167,349688.75
168,1752499.9999999998
169,1126250.0
170,308750.0
171,931166.6666666667
172,348666.6666666667
173,1470333.25
174,1252766.4166666667
175,1357916.6666666667
176,2295833.333333333
177,1012416.6666666667
178,2646666.666666667
179,1117083.3333333335
180,1376599.5833333335
181,575666.4999999999
182,705000.0
183,1733333.3333333335
184,2646666.666666667
185,2646666.666666667
186,2182999.9999999995
187,1414166.5833333333
188,2680000.0000000005
189,1558266.416666667
190,2591666.666666667
191,2219666.666666667
192,1063266.4166666667
193,225750.0
194,1747916.6666666667
195,2357000.0000000005
196,1310683.0000000002
197,1579999.9999999998
198,534583.25
199,1600833.3333333335
200,952416.6666666667
201,2539916.666666667
202,1443333.3333333335
203,1283333.3333333335
204,2249858.3333333335
205,1648333.3333333335
206,1285833.3333333335
207,2244666.666666667
208,836833.3333333334
209,1540416.5833333333
210,792500.0
211,1737083.333333333
212,2112250.0
213,1170416.6666666667
214,1008500.0
215,384123.0833333333
216,1937311.7500000002
217,1751250.0
218,660416.5833333334
219,1592500.0
220,630583.25
221,382916.6666666666
222,362000.0
223,1675349.7499999998
224,771000.0
225,2260500.0
226,2117333.333333333
227,2670000.0000000005
228,2430000.0
229,2176333.3333333335
230,2871666.666666667
231,2646666.666666667
232,354166.6666666667
233,1549500.0
234,1089083.3333333335
235,384000.0
236,2832500.0
237,2736666.666666667
238,1471166.6666666665
239,2255083.333333334
240,1519583.3333333335
241,1656250.0
242,1837833.3333333335
243,1788867.0
244,1611666.6666666667
245,776078.5833333333
246,484999.9166666667
247,1507433.0833333333
248,2011749.9999999998
249,2292416.666666667
250,2292166.666666667
251,1382416.6666666665
252,1322349.7499999998
253,1604766.4166666667
254,1163333.3333333335
255,1304500.0
256,774083.3333333334
257,1694395.0833333335
258,1460205.75
259,1689916.5833333333
260,861666.6666666667
261,1794700.3333333333
262,1244083.3333333335
263,1985000.0
264,423750.00000000006
265,1322000.0
266,952416.6666666667
267,1827083.333333333
268,303250.0
269,682083.25
270,1108749.9166666667
271,1574099.75
272,1557833.3333333333
273,1583333.25
274,678249.9166666667
275,374083.25000000006
276,2155691.666666667
277,1471250.0
278,1423333.3333333335
279,1261916.6666666667
280,1300833.3333333335
281,494583.25000000006
282,1486916.6666666665
283,1190750.0
284,1715416.6666666663
285,1046250.0
286,1110833.3333333335
287,1766666.6666666667
288,1807083.3333333335
289,1818145.0833333335
290,1169433.0000000002
291,845833.3333333334
292,878916.6666666667
293,1269166.6666666667
294,302083.3333333334
295,1167833.25
296,433249.99999999994
297,1059166.5833333333
298,922083.3333333334
299,1276183.0000000002
300,419999.99999999994
301,1958000.0
302,1585138.8333333335
303,1519849.7500000002
304,1013750.0
305,1627266.4166666665
306,1515000.0
307,654875.0
308,1481583.3333333335
309,645166.5833333334
310,1450750.0
311,1452083.3333333335
312,1689158.3333333335
313,626666.5833333335
314,430833.3333333334
315,1077083.25
316,1023750.0
317,1687349.7500000002
318,1138750.0
319,2133333.3333333335
320,1576250.0
321,1254583.3333333335
322,834583.3333333334
323,2128166.666666667
324,2646666.666666667
325,2555249.9999999995
326,515333.3333333334
327,1732499.9166666667
328,1344933.0833333333
329,1364916.6666666667
330,1142000.0
331,1047752.8333333333
332,1235333.3333333335
333,1300416.6666666667
334,2417999.9999999995
335,1318186.4166666667
336,449583.3333333334
337,1436583.25
338,1932916.5833333333
339,652499.9166666667
340,1161666.5833333333
341,1562500.0
342,2070416.6666666667
343,1595766.416666667
344,1066250.0
345,1282083.1666666665
346,361666.6666666667
347,1574869.5
348,1394099.75
349,1377416.5833333333
350,2034395.0833333335
351,1727705.8333333335
352,2106061.75
353,2114083.3333333335
354,2264916.666666667
355,1781250.0
356,2295833.333333333
357,1974250.0
358,1318183.0833333333
359,539500.0
360,1421916.5833333333
361,1713683.0833333335
362,2326666.666666667
363,1206166.6666666667
364,1478750.0
365,1499083.3333333335
366,1511886.75
367,1602083.3333333335
368,985089.1666666667
369,2450833.3333333335
370,962083.3333333334
371,1050333.3333333335
372,297500.0
373,1334833.3333333335
374,1842145.0833333335
375,1423249.9166666667
376,1670250.0
377,930500.0
378,1970000.0
379,2152916.666666667
380,1644833.3333333333
381,1579388.8333333335
382,426666.5833333333
383,1144166.5833333333
384,1790564.7499999998
385,962416.6666666667
386,1418266.4166666667
387,1676249.9166666667
388,1000000.0
389,2358666.666666667
390,1689166.6666666667
391,1630416.5833333333
392,1330750.0
393,1304083.3333333335
394,2337250.0000000005
395,1468999.9999999998
396,1093750.0
397,2440833.3333333335
398,2670000.0000000005
399,810583.3333333334
400,1733539.1666666667
401,448333.3333333334
402,1628333.3333333335
403,553666.6666666667
404,686666.5833333333
405,1201166.5833333333
406,981416.6666666667
407,2231166.6666666665
408,1617833.3333333335
409,648916.5833333333
410,1572500.0
411,1651599.75
412,2045833.3333333335
413,338855.4166666668
414,635749.9166666667
415,1847083.3333333335
416,1992916.6666666667
417,954083.3333333334
418,1737200.3333333333
419,2201250.0
420,1007916.6666666667
421,456623.08333333343
422,1329000.0
423,1380416.6666666667
424,1933683.0833333333
425,1211583.3333333335
426,641666.6666666667
427,1365749.9166666667
428,1758120.3333333337
429,2620000.0
430,1935353.0000000002
431,1781583.3333333335
432,1895645.0833333335
433,1660416.6666666667
434,1667016.4166666665
435,965833.3333333334
436,697083.25
437,1992853.0833333335
438,1103250.0
439,2230000.0
440,846833.3333333334
441,1633166.6666666667
442,2201250.0
443,1053916.5833333333
444,343916.6666666667
445,1417916.6666666667
446,2270583.333333334
447,2034083.3333333335
448,1227916.5833333333
449,3125833.333333334
450,700833.25
451,1579999.9999999998
452,1681666.6666666672
453,2013000.0
454,1547202.75
455,548666.5000000001
456,3263333.3333333344
457,1495750.0
458,1092000.0
459,291666.66666666686
460,1147416.6666666667
461,1942000.0
462,1486249.9999999998
463,1370000.0
464,1748202.8333333333
465,1295599.6666666667
466,1374499.9166666667
467,990000.0
468,582500.0
469,366623.0833333334
470,321999.99999999994
471,1606666.6666666667
472,711666.5833333334
473,1252433.0833333333
474,2029916.6666666667
475,2361333.3333333335
476,539916.5833333334
477,1100333.3333333335
478,2230500.0
479,943083.3333333334
480,1440266.416666667
481,1509083.3333333335
482,644333.25
483,1811478.4166666665
484,1290749.9166666667
485,518706.41666666674
486,1267916.6666666667
487,1479933.0
488,2035333.3333333335
489,1519849.7500000002
490,2575000.0000000005
491,903083.3333333334
492,1068666.6666666667
493,1142833.25
494,891166.6666666667
495,588583.25
496,2292416.666666667
497,2445750.0
498,1193266.4166666667
499,1122500.0
500,2098250.0
501,359583.3333333334
502,2871666.666666667
503,2285833.333333334
504,1052933.0
505,1199016.4166666667
506,1646250.0000000002
507,1284083.3333333335
508,424499.99999999994
509,883916.6666666667
510,1276666.6666666667
511,721086.0833333334
512,1741749.9166666667
513,2306561.75
514,2169000.0
515,1671583.3333333335
516,1914583.3333333335
517,1253250.0
518,2385000.0
519,448333.3333333334
520,436166.6666666667
521,1472500.0
522,253749.9166666667
523,407083.3333333333
524,1039166.6666666667
525,2292416.666666667
526,382499.99999999994
527,1549166.6666666667
528,1733333.3333333335
529,1307500.0
530,513249.9166666667
531,1404833.25
532,819166.6666666667
533,1925000.0
534,1671933.0833333335
535,2065749.9999999998
536,796250.0
537,1536999.9166666667
538,1292916.6666666667
539,917752.8333333333
540,1646666.6666666667
541,1275333.3333333335
542,2646666.666666667
543,1653325.0
544,1167916.6666666667
545,590333.25
546,913500.0
547,2710000.0
548,707916.6666666667
549,574916.5833333334
550,658916.5833333334
551,1440266.416666667
552,1318183.0833333333
553,894500.0
554,670999.9166666667
555,1545766.4166666667
556,2910833.3333333335
557,1786536.1666666667
558,1702833.3333333335
559,1070666.5833333333
560,947416.6666666667
561,1643750.0
562,2871666.666666667
563,322499.9166666666
564,653749.9166666667
565,1309916.6666666667
566,2039916.6666666667
567,2238561.75
568,1472500.0
569,2054978.4166666667
570,821833.3333333334
571,1329166.6666666667
572,1197500.0
573,2153333.3333333335
574,1193749.9166666667
575,359499.9166666666
576,2315833.3333333335
577,539916.6666666667
578,1692766.4166666665
579,1755645.0833333335
580,2181583.333333333
581,1670000.0
582,1963333.333333333
583,463333.3333333334
584,2296296.2499999995
585,1007416.6666666667
586,699999.9166666667
587,491250.0
588,547916.5000000001
589,1350952.8333333333
590,664749.9166666667
591,2409083.3333333335
592,1584583.25
593,1460000.0
594,294583.33333333343
595,1587499.9166666667
596,1003750.0
597,874583.3333333334
598,1678266.333333333
599,1645416.6666666667
600,733666.6666666667
601,2512500.0000000005
602,855583.3333333334
603,2959166.666666667
604,322083.33333333326
605,1135083.25
606,1123750.0
607,1535416.5833333333
608,512916.6666666667
609,1275433.0000000002
610,639499.9166666667
611,1649500.0
612,1264833.3333333335
613,635166.5833333334
614,2282333.333333333
615,1132916.5833333333
616,1562499.9166666667
617,1697500.0
618,1207416.6666666667
619,1256250.0
620,1718749.9166666667
621,1446583.25
622,1160583.3333333335
623,853245.2500000001
624,1972500.0
625,1917645.0833333335
626,1884416.6666666667
627,2516583.333333334
628,2646666.666666667
629,1929516.4166666665
630,2086061.7500000002
631,1885333.3333333335
632,1095416.6666666667
633,1696872.4999999998
634,2106583.3333333335
635,2035833.3333333335
636,516388.80555555556
637,426478.08333333343
638,2120750.0
639,1626249.9166666667
640,1557416.6666666667
641,1921500.0
642,693833.25
643,2419083.333333334
644,1391249.9166666667
645,1109083.3333333335
646,1625683.0833333333
647,773250.0
648,636416.5833333333
649,1344500.0
650,2546666.666666667
651,1380750.0
652,405750.0
653,1718599.7499999998
654,424083.33333333343
655,2434083.3333333335
656,1796666.6666666667
657,1444516.4166666667
658,1682500.0
659,707333.2500000001
660,1139500.0
661,935166.6666666667
662,1396249.9999999998
663,1619999.9166666667
664,1989166.6666666663
665,1793033.5833333337
666,2111666.666666667
667,2119999.9999999995
668,2594166.666666667
669,441250.0
670,658499.9166666667
671,2375750.0
672,1569849.6666666667
673,1654311.7500000002
674,1915750.0
675,2202500.0
676,1718749.9166666667
677,1488683.0833333333
678,2270500.0
679,2006311.7499999998
680,2620000.0
681,1847083.3333333335
682,1378266.4166666667
683,1303416.5833333335
684,1565750.0
685,704999.9166666667
686,1763750.0
687,1514833.3333333335
688,2580000.0
689,1717833.3333333335
690,580666.5000000001
691,1574061.75
692,1675825.0
693,491666.5833333334
694,1056666.6666666667
695,2646666.666666667
696,2264916.666666667
697,1321603.0000000002
698,1282766.3333333333
699,2410833.3333333335
700,1508750.0
701,1128666.6666666667
702,270416.6666666667
703,1143249.9166666667
704,1947916.6666666663
705,1835000.0
706,1144916.6666666667
707,1602500.0
708,1656666.6666666667
709,2004166.6666666667
710,1378183.0833333333
711,1506108.7499999998
712,1838333.25
713,497333.25000000006
714,827589.0000000001
715,371789.75000000006
716,1042916.5833333333
717,991666.6666666667
718,1799395.0833333335
719,1593266.416666667
720,1636583.3333333335
721,1437499.9166666667
722,1572500.0
723,1807083.3333333335
724,547916.6666666667
725,2244666.666666667
726,1327266.3333333335
727,1220583.3333333335
728,1293166.5833333333
729,1606583.3333333335
730,406500.0
731,1409583.25
732,2134083.3333333335
733,527000.0
734,1696952.8333333333
735,1537433.0833333333
736,1893333.3333333335
737,1494166.6666666667
738,1236250.0
739,1621536.1666666667
740,1602083.3333333335
741,2603333.333333334
742,908333.3333333334
743,1771478.4166666665
744,519166.5833333335
745,2187436.4166666665
746,1357833.3333333335
747,1912083.3333333335
748,1053750.0
749,542416.5833333334
750,1358750.0
751,316666.6666666667
752,629999.9166666666
753,2173561.75
754,1797728.4166666667
755,1570000.0
756,1279999.9166666667
757,1298749.9166666667
758,1705766.3333333335
759,1548183.0000000002
760,1721183.0833333335
761,1134916.6666666667
762,599999.9166666667
763,992750.0
764,542416.5833333334
765,1649583.3333333335
766,2008666.6666666667
767,1059500.0
768,1572500.0
769,905750.0
770,323750.0000000001
771,855833.3333333334
772,879672.5
773,1663888.8333333333
774,1416599.7499999998
775,2318950.3333333335
776,2505000.0
777,2328833.333333334
778,2580000.0
779,2286500.0
780,1687500.0
781,1030250.0
782,2490750.0
783,2629395.0833333335
784,2334583.333333333
785,2707500.0000000005
786,1258333.3333333335
787,1298333.1666666665
788,641083.3333333334
789,1991061.7500000002
790,2179916.666666667
791,1394166.6666666667
792,1719516.4166666665
793,1519583.3333333335
794,1565416.5833333333
795,2199603.083333333
796,1271099.6666666667
797,1266249.9166666667
798,2246999.9999999995
799,634833.25
800,1765833.3333333335
801,1017083.3333333334
802,1212766.4166666667
803,394916.6666666667
804,1398333.3333333335
805,1415349.5833333335
806,381250.00000000006
807,1203183.0833333333
808,1449166.6666666667
809,1037000.0
810,1507916.6666666667
811,1599083.3333333335
812,1424666.5833333333
813,1875686.4166666665
814,1606666.6666666667
815,1773666.6666666663
816,1236749.9166666667
817,2727500.0000000005
818,1125416.5833333333
819,1624833.3333333335
820,1200833.3333333335
821,841416.6666666667
822,930416.6666666667
823,2137436.4166666665
824,1101249.9166666667
825,1770583.3333333335
826,1368183.0833333333
827,2061666.6666666667
828,1362416.6666666667
829,2029666.6666666667
830,1907083.3333333335
831,345373.08333333343
832,1062416.6666666667
833,2292416.666666667
834,1562500.0
835,1494766.4166666667
836,884416.6666666667
837,846666.6666666667
838,331666.6666666667
839,1648333.25
840,320750.0
841,2238000.0
842,1745333.3333333335
843,1753061.7500000002
844,1807500.0
845,1875686.4166666665
846,722083.3333333334
847,956666.6666666667
848,1516908.25
849,1748117.0000000005
850,2106583.3333333335
851,1526583.3333333335
852,1424500.0
853,1650833.25
854,1197083.3333333335
855,344688.75
856,355416.6666666668
857,1250749.9166666667
858,3687500.0
859,1486099.6666666667
860,1767499.9999999998
861,581249.9166666667
862,1314083.3333333335
863,1664099.6666666667
864,1501599.75
865,1388750.0
866,1762500.0
867,1280416.6666666667
868,863750.0
869,1342500.0
870,300416.66666666657
871,1269166.5833333333
872,1787728.4166666667
873,1577766.416666667
874,1835000.0
875,1612500.0
876,2311583.333333334
877,751291.6666666667
878,927083.3333333334
879,2182000.0
880,1435833.3333333335
881,1176250.0
882,343022.0833333334
883,2041666.6666666667
884,1326000.0
885,1017833.3333333334
886,348750.0
887,1514099.7500000002
888,2029916.6666666663
889,834750.0
890,1772083.3333333335
891,1284916.5833333333
892,1370000.0
893,326250.0000000001
894,1195349.75
895,300833.3333333334
896,1859500.0
897,341666.6666666668
898,1088333.25
899,2680000.0000000005
900,1293539.1666666667
901,763839.1666666667
902,669583.25
903,2385000.0
904,2091666.6666666663
905,1826250.0
906,1292083.1666666665
907,1546583.3333333335
908,2434083.3333333335
909,1117499.9166666667
910,2018561.7500000002
911,1101583.3333333335
912,1960833.3333333335
913,2892500.0000000005
914,2320583.333333334
915,943586.1666666666
916,1383749.9166666667
917,1381749.9166666667
918,354873.0833333333
919,1710416.5833333333
920,1627333.3333333335
921,784500.0
922,1134916.5833333333
923,1827083.333333333
924,2609166.6666666674
925,1004166.6666666667
926,1842916.6666666667
927,2871666.666666667
928,2132416.666666667
929,1577500.0
930,1570349.75
931,1889166.6666666667
932,613333.25
933,1765833.3333333335
934,1981666.6666666667
935,2262353.083333333
936,2009166.6666666667
937,1022083.3333333334
938,982916.6666666667
939,1278249.9166666667
940,2375750.0
941,1452016.3333333333
942,1085833.3333333335
943,569416.6666666667
944,1211250.0
945,1203683.0
946,1803333.333333333
947,801999.9166666667
948,1965166.6666666663
949,1481583.3333333335
950,463750.0
951,1458683.0833333335
952,1577424.6666666667
953,1351516.4166666667
954,1121666.6666666667
955,2258333.3333333335
956,1105416.6666666667
957,1219916.5833333333
958,1400000.0
959,2277962.916666667
960,1751599.6666666667
961,1183333.3333333335
962,1893333.3333333335
963,1336666.6666666667
964,1479933.0
965,1409933.0833333333
966,1949583.3333333335
967,2012416.6666666667
968,1435000.0
969,1563333.3333333335
970,1151086.1666666667
971,1304916.6666666667
972,838250.0
973,1577016.3333333335
974,529916.5833333334
975,369166.6666666667
976,855750.0
977,1941249.9999999998
978,1884083.3333333335
979,1104083.25
980,1151183.0833333333
981,1119166.6666666667
982,1937145.0833333335
983,2124916.6666666665
984,1218333.3333333335
985,1183599.6666666667
986,1265833.3333333335
987,1896933.0833333333
988,1942416.6666666663
989,1772499.9999999998
990,410000.00000000006
991,802666.6666666667
992,2050833.3333333335
993,2043250.0
994,1120333.3333333335
995,912250.0
996,1741183.0833333333
997,346499.9166666667
998,2265499.9999999995
999,1049583.3333333335
1000,566999.9166666666
1001,1568119.5
1002,1302916.6666666667
1003,2469083.3333333335
1004,896250.0
1005,934083.3333333334
1006,2633333.333333334
1007,1554016.4166666667
1008,1128749.9166666667
1009,1163016.4166666667
1010,1858333.333333333
1011,1335416.6666666667
1012,1738683.0833333333
1013,1546583.25
1014,1831536.1666666667
1015,1626666.6666666665
1016,2240666.6666666665
1017,1596666.6666666665
1018,1172916.5833333335
1019,546666.6666666667
1020,733000.0
1021,1415728.4166666665
1022,1653683.0833333335
1023,1072281.6666666667
1024,2260000.0
1025,1994666.6666666667
1026,494499.9166666668
1027,1311583.3333333335
1028,2270500.0
1029,1516333.25
1030,1951250.0
1031,1563888.9166666665
1032,489123.08333333343
1033,1483250.0
1034,633750.0
1035,1544016.4166666667
1036,407916.66666666674
1037,1555000.0
1038,474956.4166666666
1039,1065416.6666666667
1040,2683333.333333334
1041,1584583.25
1042,687416.5833333334
1043,1587500.0
1044,1412083.3333333335
1045,1068333.3333333335
1046,1362083.3333333335
1047,1673683.0833333333
1048,380666.6666666666
1049,1278750.0
1050,1194999.9999999998
1051,1652786.1666666667
1052,1633749.9166666667
1053,958750.0
1054,1570702.8333333333
1055,2217416.666666667
1056,1473249.9166666667
1057,1448683.0833333333
1058,2243269.7500000005
1059,1552478.4166666667
1060,901583.3333333334
1061,1093750.0
1062,1642849.6666666667
1063,904750.0
1064,1884583.3333333335
1065,585416.6666666667
1066,799833.3333333334
1067,1475000.0
1068,2646666.666666667
1069,891666.6666666667
1070,2142416.666666667
1071,1555833.3333333335
1072,744166.6666666667
1073,1427849.7500000002
1074,1810000.0
1075,2272500.0
1076,1473269.7499999998
1077,1222016.25
1078,1305492.0
1079,1565416.5833333333
1080,912666.6666666667
1081,1899811.7499999998
1082,489083.2500000001
1083,1391186.3333333335
1084,1381583.3333333335
1085,622250.0
1086,438289.75
1087,1552978.4166666665
1088,2244666.666666667
1089,804916.6666666667
1090,1169099.75
1091,2122499.9999999995
1092,2025750.0
1093,1251000.0
1094,1456500.0
1095,2449916.666666667
1096,995252.8333333333
1097,2146416.666666667
1098,1990000.0
1099,1410750.0
1100,1196250.0
1101,544083.25
1102,1644583.25
1103,646416.5833333334
1104,1463183.0
1105,1505000.0
1106,2233250.0
1107,1531108.75
1108,1512016.3333333333
1109,1442750.0
1110,1649019.6666666667
1111,1668750.0
1112,1321849.7499999998
1113,1950228.4166666667
1114,986666.6666666667
1115,2029166.6666666667
1116,836666.6666666667
1117,2261872.4166666665
1118,625416.6666666667
1119,1216919.5
1120,374166.6666666668
1121,1935228.4166666665
1122,1741249.9999999998
1123,2079166.6666666667
1124,1197500.0
1125,608249.9166666666
1126,760583.3333333334
1127,1516433.0000000002
1128,1754166.6666666667
1129,1040000.0
1130,1103333.3333333335
1131,1344583.3333333335
1132,1119419.5
1133,1648061.75
1134,1295749.9166666667
1135,1403266.416666667
1136,1530349.7500000002
1137,1059583.3333333335
1138,2263333.3333333335
1139,1300000.0
1140,1984978.4166666667
1141,1093586.1666666667
1142,2241666.666666667
1143,1070000.0
1144,1785016.4166666665
1145,2076666.6666666663
1146,2082416.6666666667
1147,1052000.0
1148,720000.0
1149,371666.6666666668
1150,1632849.7499999998
1151,1366583.3333333335
1152,1594416.6666666667
1153,1139166.6666666667
1154,755666.5833333334
1155,486166.5833333334
1156,883333.3333333334
1157,636249.9166666667
1158,2001500.0
1159,2372500.0
1160,2006666.6666666667
1161,2646666.666666667
1162,1258266.4166666667
1163,438333.3333333334
1164,2580000.0
1165,588249.9166666667
1166,607500.0
1167,2111250.0
1168,1475266.4166666667
1169,1795833.333333333
1170,1194166.6666666667
1171,1424583.3333333335
1172,1812233.3333333335
1173,1537750.0
1174,1192500.0
1175,620416.5833333334
1176,1384833.3333333335
1177,1539516.416666667
1178,1247083.3333333335
1179,1780475.75
1180,2169500.0
1181,1273333.3333333335
1182,2646666.666666667
1183,2620000.0
1184,1917500.0
1185,1719583.3333333335
1186,1385833.3333333335
1187,1719516.4166666665
1188,625749.9166666667
1189,1474099.7500000002
1190,860583.3333333334
1191,326166.6666666667
1192,2902500.0
1193,2270500.0
1194,395333.25000000006
1195,1280416.6666666667
1196,429500.0
1197,1797433.0833333333
1198,506083.24999999994
1199,1312083.3333333335
1200,1616053.4166666667
1201,1235333.3333333335
1202,2959166.666666667
1203,1002083.3333333334
1204,513194.33333333343
1205,2188250.0
1206,2009166.6666666667
1207,2236666.666666667
1208,2599166.666666667
1209,1473683.0000000002
1210,2871666.666666667
1211,1418266.4166666667
1212,996583.3333333334
1213,2224583.3333333335
1214,367416.6666666667
1215,906250.0
1216,1724166.6666666667
1217,1534416.5833333333
1218,1296666.6666666667
1219,1315252.8333333333
1220,2242916.666666667
1221,1357916.6666666667
1222,1565416.5833333333
1223,1409933.0833333333
1224,1165333.3333333335
1225,2253083.3333333335
1226,1188666.6666666667
1227,810833.3333333334
1228,250333.33333333355
1229,1058250.0
1230,2703333.333333334
1231,1637916.5833333333
1232,1128333.25
1233,1572500.0
1234,2104083.333333333
1235,1316666.5
1236,2006333.333333333
1237,1783166.6666666663
1238,292500.0
1239,1585000.0
1240,1562749.9166666667
1241,2434916.6666666665
1242,588583.25
1243,1732353.0833333335
1244,321623.0833333333
1245,899500.0
1246,1636895.0833333335
1247,1762083.3333333335
1248,1813775.4166666667
1249,1755083.3333333335
1250,1531999.9166666667
1251,1031919.5
1252,1993333.3333333335
1253,676666.5833333333
1254,1465583.3333333335
1255,1551166.5833333333
1256,1413333.3333333335
1257,2321333.333333334
1258,1717833.3333333335
1259,1933250.0
1260,917500.0
1261,1100833.3333333335
1262,1297999.9166666667
1263,1294833.3333333335
1264,471166.58333333326
1265,2057283.6666666667
1266,1639099.75
1267,1801666.6666666667
1268,471666.6666666667
1269,2178000.0
1270,2187436.4166666665
1271,1304000.0
1272,1581666.6666666667
1273,1605833.3333333335
1274,7453750.000000002
1275,1729583.3333333335
1276,1086666.5833333333
1277,600749.9166666667
1278,2959166.666666667
1279,2369166.6666666665
1280,1525099.7499999998
1281,1505202.8333333333
1282,824333.3333333334
1283,1363183.0000000002
1284,2272500.0
1285,2219916.666666667
1286,926922.5
1287,1964166.6666666667
1288,1194016.4166666667
1289,1051999.9166666667
1290,1483333.3333333335
1291,1533166.6666666667
1292,428855.41666666657
1293,353750.0
1294,360416.6666666667
1295,1659933.0000000002
1296,2083250.0
1297,2646666.666666667
1298,1420000.0
1299,1276666.5833333333
1300,2511666.666666667
1301,1584583.25
1302,1355416.5833333333
1303,2844166.666666667
1304,1522775.4166666667
1305,2015000.0
1306,715083.3333333334
1307,898333.3333333334
1308,2620833.3333333335
1309,1103333.3333333335
1310,404083.3333333334
1311,2285666.666666667
1312,1899750.0
1313,922500.0
1314,559083.25
1315,751166.5833333334
1316,586166.5833333334
1317,958750.0
1318,2091583.333333333
1319,1172666.6666666667
1320,2192333.3333333335
1321,1865000.0
1322,836250.0
1323,2158333.3333333335
1324,2308000.0
1325,1573202.8333333333
1326,1260833.3333333335
1327,2216666.6666666665
1328,1745416.6666666667
1329,1279749.9999999998
1330,897666.6666666667
1331,1070252.8333333333
1332,2053561.7500000002
1333,914500.0
1334,1812436.4166666665
1335,1262500.0
1336,1223333.3333333335
1337,1862083.333333333
1338,418333.3333333334
1339,2351666.666666667
1340,2646666.666666667
1341,1963311.7500000002
1342,1769395.0833333335
1343,836000.0
1344,270789.75000000006
1345,1925000.0
1346,1133333.3333333335
1347,1044166.5833333333
1348,2834166.6666666674
1349,831250.0
1350,1335833.25
1351,472083.3333333334
1352,1859500.0
1353,2089083.3333333335
1354,667499.9166666667
1355,2871666.666666667
1356,1637916.5833333333
1357,2646666.666666667
1358,1727916.5833333333
1359,913791.6666666667
1360,720000.0
1361,693666.6666666667
1362,1701250.0
1363,1453536.1666666667
1364,753919.5
1365,651958.3333333334
1366,2450833.3333333335
1367,1097916.5833333333
1368,1991666.6666666667
1369,1127916.6666666667
1370,1170833.3333333335
1371,785333.3333333334
1372,1362083.3333333335
1373,927000.0
1374,1185416.6666666667
1375,1988333.3333333335
1376,1540686.4166666665
1377,1568119.5
1378,1479583.3333333335
1379,1213333.3333333335
1380,861000.0
1381,358750.0
1382,1074583.3333333335
1383,1252083.25
1384,1546599.7499999998
1385,1600228.4166666665
1386,2438333.333333333
1387,1733750.0
1388,1122499.9166666667
1389,818083.3333333334
1390,1363183.0000000002
1391,666666.5833333334
1392,1270833.3333333335
1393,1899395.0833333335
1394,2369083.3333333335
1395,1255083.1666666665
1396,1985000.0
1397,302083.3333333334
1398,1747849.7499999998
1399,1352849.5833333335
1400,2038686.416666667
1401,2116666.666666667
1402,315833.33333333326
1403,1600833.3333333335
1404,862250.0
1405,2026333.3333333335
1406,1638266.3333333335
1407,1223250.0
1408,1885416.6666666667
1409,1379500.0
1410,2283561.75
1411,1554099.75
1412,1341583.3333333335
1413,2871666.666666667
1414,2120000.0
1415,1764833.3333333335
1416,1452083.3333333335
1417,2225499.9999999995
1418,1287916.5833333333
1419,650166.5833333334
1420,1717416.6666666667
1421,1565833.3333333335
1422,1375349.75
1423,1920145.0833333335
1424,1009166.6666666667
1425,2152499.9999999995
1426,1896789.1666666667
1427,2290000.0
1428,1150833.3333333335
1429,650166.5833333333
1430,1273333.25
1431,1895769.7500000002
1432,1721119.4166666665
1433,912083.25
1434,985416.6666666667
1435,1623599.6666666665
1436,1698166.6666666667
1437,1291000.0
1438,1315099.75
1439,1663539.1666666667
1440,382083.3333333334
1441,1570619.4166666665
1442,1187499.9166666667
1443,2150228.4166666665
1444,1272500.0
1445,1157083.3333333335
1446,1459933.0000000002
1447,1191666.6666666667
1448,2885833.333333334
1449,492875.0
1450,339605.41666666657
1451,306666.66666666657
1452,964583.3333333334
1453,1310833.3333333335
1454,1072500.0
1455,1213666.6666666667
1456,2100833.3333333335
1457,1247416.6666666667
1458,1251603.0833333333
1459,790328.5833333333
1460,724419.4166666667
1461,3089083.3333333335
1462,1544083.3333333333
1463,1152833.3333333335
1464,291166.66666666657
1465,309500.0
1466,1432433.0833333333
1467,1769166.6666666667
1468,2109999.9999999995
1469,2024083.3333333335
1470,1029166.6666666667
1471,1626183.0833333333
1472,1470000.0
1473,1501666.6666666667
1474,2212436.4166666665
1475,818500.0
1476,2950833.333333334
1477,464583.24999999994
1478,2646666.666666667
1479,1357916.6666666667
1480,1369841.3333333335
1481,344166.6666666667
1482,1507789.0833333333
1483,1282766.3333333333
1484,1994666.6666666667
1485,564916.5833333335
1486,1005669.5
1487,2233250.0
1488,1514916.6666666667
1489,1741895.0833333335
1490,359583.3333333334
1491,866416.6666666667
1492,1174166.6666666667
1493,1771666.6666666667
1494,723333.25
1495,1480766.4166666665
1496,1412500.0
1497,2361333.3333333335
1498,1197416.6666666667
1499,1895645.0833333335
1500,1465666.6666666667
1501,935750.0
1502,2065500.0
1503,896833.3333333334
1504,1065833.3333333335
1505,770089.1666666667
1506,1331250.0
1507,1804311.7500000002
1508,620416.5833333334
1509,1786250.0
1510,659083.25
1511,1220683.0833333333
1512,1448250.0
1513,1749583.3333333335
1514,882916.6666666667
1515,681416.5833333334
1516,1545599.7500000002
1517,1562766.3333333335
1518,674083.25
1519,1675833.3333333335
1520,1170166.6666666667
1521,1453491.9166666667
1522,2048083.3333333337
1523,1224166.5833333333
1524,2505000.0
1525,628750.0
1526,2411666.666666667
1527,866000.0
1528,2449916.666666667
1529,1222916.6666666667
1530,1470333.3333333335
1531,1569849.6666666667
1532,300833.33333333343
1533,441623.0000000001
1534,1703166.6666666663
1535,1147833.3333333335
1536,1671636.7500000002
1537,1633683.0833333335
1538,1895617.0
1539,1702416.5833333333
1540,1802750.0
1541,1154583.3333333335
1542,1738333.3333333335
1543,549916.5833333333
1544,1297416.5833333333
1545,2390750.0000000005
1546,2014583.3333333335
1547,1548666.6666666667
1548,2083250.0
1549,1555683.0833333335
1550,1468599.7500000002
1551,1465583.3333333335
1552,406166.66666666674
1553,573249.8333333334
1554,1715683.0833333335
1555,1232500.0
1556,1604916.6666666667
1557,1203166.6666666667
1558,1555000.0
1559,1395266.4166666667
1560,1967991.6666666663
1561,1623250.0
1562,1028750.0
1563,1857833.3333333335
1564,692833.25
1565,1426869.5
1566,1663099.7499999998
1567,731666.5833333334
1568,587083.25
1569,1470000.0
1570,1241869.5
1571,1033086.1666666666
1572,2358666.666666667
1573,2021333.3333333335
1574,1999916.6666666667
1575,3417500.0000000005
1576,1584583.25
1577,964336.1666666666
1578,1391516.4166666667
1579,700916.6666666667
1580,1822916.5833333333
1581,1065745.1666666667
1582,1467416.6666666665
1583,2272500.0
1584,3302916.6666666674
1585,1044916.5833333333
1586,1404166.6666666667
1587,1965833.3333333335
1588,1600833.3333333335
1589,2465000.0
1590,1087916.6666666667
1591,2102645.0833333335
1592,1727705.8333333335
1593,2234500.0
1594,1032000.0
1595,2182500.0
1596,517500.0
1597,1954166.6666666667
1598,505555.47222222225
1599,378750.00000000006
1600,585666.5833333335
1601,1458999.9166666667
1602,1038422.3333333334
1603,1565000.0
1604,2308166.6666666665
1605,2268000.0
1606,2358666.666666667
1607,1432638.8333333335
1608,1847728.4166666667
1609,2358666.666666667
1610,1425000.0
1611,1667249.9999999998
1612,1650833.3333333335
1613,1867436.416666667
1614,1202916.6666666667
1615,2039666.6666666667
1616,3225833.333333334
1617,1187500.0
1618,2248269.7500000005
1619,949333.3333333334
1620,1921500.0
1621,1367016.3333333333
1622,2125416.666666667
1623,1793333.3333333335
1624,2132083.3333333335
1625,2211250.0
1626,1296833.1666666665
1627,450750.0
1628,1371583.3333333335
1629,1560833.3333333335
1630,1492349.7499999998
1631,1386916.6666666667
1632,652249.9166666667
1633,441249.9166666666
1634,1689500.0
1635,1827849.7500000002
1636,2114750.0
1637,1265083.25
1638,938592.0
1639,2312478.416666667
1640,326666.6666666667
1641,1084083.3333333335
1642,1029583.3333333334
1643,2333250.0
1644,2096583.3333333335
1645,2270500.0
1646,1890416.6666666663
1647,2358666.666666667
1648,870083.3333333334
1649,1494583.1666666665
1650,1515751.6666666667
1651,1731249.9166666667
1652,2873333.333333334
1653,1541666.6666666667
1654,2327416.666666667
1655,357083.33333333343
1656,1991666.6666666667
1657,1807145.0833333335
1658,2358666.666666667
1659,2117333.333333333
1660,1387433.0833333333
1661,1269166.6666666667
1662,1330516.4166666665
1663,1310683.0000000002
1664,1588166.6666666667
1665,1268333.3333333335
1666,1512083.25
1667,571583.1666666667
1668,1479583.3333333335
1669,1755645.0833333335
1670,1755686.3333333335
1671,2457500.0
1672,2455750.0000000005
1673,1640766.3333333335
1674,2334019.75
1675,1704083.3333333335
1676,2449916.666666667
1677,1906892.3333333333
1678,2646666.666666667
1679,327833.3333333334
1680,2646666.666666667
1681,2342916.666666667
1682,2137333.333333333
1683,567833.1666666667
1684,2646666.666666667
1685,1984666.6666666667
1686,761086.0833333334
1687,426478.08333333343
1688,1748033.6666666667
1689,500333.3333333334
1690,392416.6666666667
1691,1496599.7499999998
1692,1396666.6666666667
1693,308333.33333333343
1694,348666.6666666667
1695,1397305.5000000002
1696,2646666.666666667
1697,2372500.0
1698,879672.5
1699,886666.6666666667
1700,1530619.4166666665
1701,1026250.0
1702,2222353.0833333335
1703,2196333.3333333335
1704,1094833.3333333335
1705,2225499.9999999995
1706,2241250.0
1707,1705766.3333333335
1708,2133333.3333333335
1709,1763978.4166666665
1710,1766666.6666666667
1711,1510666.6666666667
1712,1675766.416666667
1713,1721333.25
1714,1220683.0833333333
1715,2272500.0
1716,1147416.6666666667
1717,1279083.25
1718,670666.5833333334
1719,1820583.3333333335
1720,1360833.3333333335
1721,991666.6666666667
1722,2237083.3333333335
1723,1505000.0
1724,590416.5833333335
1725,847500.0
1726,1975228.4166666667
1727,2292416.666666667
1728,2185000.0
1729,531166.5833333333
1730,658499.9166666667
1731,1369333.3333333335
1732,1295766.4166666667
1733,1741249.9999999998
1734,1875205.833333333
1735,2292416.666666667
1736,2680000.0000000005
1737,1307000.0
1738,2468583.3333333335
1739,324500.0
1740,581583.25
1741,2959166.666666667
1742,693666.6666666667
1743,2100833.3333333335
1744,432833.3333333333
1745,1649999.9166666667
1746,1633333.3333333335
1747,717916.5833333333
1748,853166.5833333334
1749,1072833.3333333335
1750,1521250.0
1751,1988749.9166666667
1752,1373183.0000000002
1753,2255833.3333333335
1754,459916.6666666667
1755,2127499.9999999995
1756,1463250.0
1757,1526599.6666666665
1758,1793666.6666666667
1759,1197083.3333333335
1760,2525833.3333333335
1761,1813683.0833333333
1762,2021500.0
1763,1899783.6666666667
1764,2351666.666666667
1765,1476249.9166666667
1766,1022416.6666666667
1767,2020769.7499999998
1768,1635666.6666666665
1769,1269083.3333333335
1770,1033586.1666666666
1771,1332500.0
1772,998333.3333333334
1773,1618666.6666666667
1774,1985000.0
1775,1435750.0
1776,1630000.0
1777,1144516.3333333333
1778,444123.0833333333
1779,1042589.1666666667
1780,1600228.4166666665
1781,1569833.3333333335
1782,1099916.5833333333
1783,1059166.5833333333
1784,993250.0
1785,1158266.416666667
1786,1886952.8333333333
1787,1163250.0
1788,2179916.666666667
1789,2081583.3333333335
1790,2380750.0
1791,2345583.333333333
1792,1416916.6666666667
1793,2459083.333333334
1794,2085000.0
1795,1463536.1666666667
1796,398250.00000000006
1797,2680000.0000000005
1798,547416.5000000001
1799,2092769.7499999998
1800,670416.5833333334
1801,1805645.0833333335
1802,679499.9166666667
1803,897916.6666666667
1804,1263586.1666666667
1805,2892500.0000000005
1806,730250.0
1807,365416.6666666667
1808,1942849.7499999998
1809,1867228.4166666667
1810,3109916.666666667
1811,1998666.6666666667
1812,1018666.6666666667
1813,806249.9166666667
1814,950669.5
1815,1822500.0
1816,2264916.666666667
1817,2646666.666666667
1818,1587500.0
1819,1622353.0833333333
1820,1656916.6666666667
1821,1425349.7499999998
1822,2278769.7500000005
1823,1563692.0833333335
1824,1267416.6666666667
1825,2580000.0
1826,1247499.9166666667
1827,2950833.333333334
1828,1426241.6666666667
1829,969916.6666666667
1830,740999.9166666667
1831,2684166.666666667
1832,1866895.083333333
1833,3192500.0000000005
1834,2107499.9999999995
1835,2606583.3333333335
1836,791250.0
1837,2320750.0
1838,2135416.583333333
1839,1067750.0
1840,341666.6666666667
1841,929750.0
1842,2185000.0
1843,1308333.3333333335
1844,2179916.666666667
1845,1159916.6666666667
1846,1658666.6666666667
1847,1227016.3333333333
1848,1024583.25
1849,1205833.3333333335
1850,2143666.6666666665
1851,2001666.6666666663
1852,1122083.1666666665
1853,1765686.333333333
1854,2626666.666666667
1855,1899811.7499999998
1856,357083.33333333343
1857,2388250.0
1858,1188333.3333333335
1859,1606591.3333333335
1860,3095833.333333334
1861,229166.66666666677
1862,980833.3333333334
1863,1626249.9166666667
1864,1012500.0
1865,1151250.0
1866,1456583.3333333335
1867,1747083.3333333335
1868,1789166.6666666667
1869,1037500.0
1870,596666.6666666667
1871,1844583.3333333335
1872,402416.66666666674
1873,625749.9166666667
1874,2507500.0000000005
1875,2015666.6666666663
1876,2493333.3333333335
1877,1204166.6666666667
1878,725999.9166666667
1879,1259500.0
1880,681666.5833333334
1881,1054836.1666666667
1882,1009916.6666666667
1883,761578.5833333334
1884,1453516.3333333333
1885,2092416.6666666667
1886,842499.9166666667
1887,1466249.9166666667
1888,1990416.6666666667
1889,1159002.8333333333
1890,2250499.9999999995
1891,2582500.0000000005
1892,804499.9166666667
1893,304166.6666666667
1894,679499.9166666667
1895,1690833.3333333335
1896,2645833.3333333335
1897,522456.4166666666
1898,452083.33333333343
1899,1272916.5833333333
1900,178750.0
1901,1102916.6666666667
1902,1822311.7500000002
1903,360833.3333333334
1904,855169.5
1905,1747833.3333333335
1906,552833.3333333334
1907,646666.6666666667
1908,1513333.3333333335
1909,1371099.6666666665
1910,1416186.4166666667
1911,1684583.25
1912,331249.99999999994
1913,1451666.6666666667
1914,2302728.4166666665
1915,2389166.666666667
1916,1937416.6666666663
1917,359583.3333333334
1918,2320750.0
1919,2680000.0000000005
1920,1304853.0000000002
1921,2871666.666666667
1922,669999.9166666667
1923,1473683.0000000002
1924,1679516.416666667
1925,1702500.0
1926,1336666.6666666667
1927,2580000.0
1928,2032166.6666666667
1929,2871666.666666667
1930,1227016.3333333333
1931,1133666.6666666667
1932,1665702.75
1933,1991583.333333333
1934,807916.6666666667
1935,643916.5833333334
1936,2385000.0
1937,2467500.0000000005
1938,350833.3333333334
1939,1151166.6666666667
1940,1657728.4166666667
1941,1445333.3333333335
1942,2434083.3333333335
1943,1295416.5833333333
1944,1863333.3333333335
1945,2003145.083333333
1946,1207500.0
1947,1339916.6666666667
1948,1251666.5833333333
1949,1135416.5833333333
1950,1321666.6666666667
1951,2180000.0
1952,1471583.3333333335
1953,1447433.0833333333
1954,1484666.5833333333
1955,677083.25
1956,2177916.666666667
1957,1052083.3333333335
1958,1102916.6666666667
1959,1809103.0833333335
1960,1683333.3333333335
1961,327916.6666666667
1962,373333.3333333334
1963,1916895.083333333
1964,495000.0
1965,2278478.4166666665
1966,1152500.0
1967,1935311.7499999998
1968,1945833.3333333335
1969,2337416.6666666665
1970,600333.25
1971,429916.6666666666
1972,1829916.6666666667
1973,2646666.666666667
1974,1403603.0
1975,2432416.666666667
1976,1287916.5833333333
1977,1969166.6666666667
1978,1894583.3333333335
1979,846416.6666666667
1980,1626666.6666666665
1981,1377916.5833333333
1982,1444666.5833333333
1983,2750833.3333333335
1984,377083.3333333334
1985,317873.0833333333
1986,1399166.6666666667
1987,1529166.6666666667
1988,1589849.75
1989,697755.8333333334
1990,2646666.666666667
1991,2142416.666666667
1992,268750.0
1993,1565416.5833333333
1994,904083.3333333334
1995,2181895.083333333
1996,1379933.0000000002
1997,1357500.0
1998,382916.6666666667
1999,845000.0
2000,871833.3333333334
2001,1000000.0
2002,1659516.4166666665
2003,2170416.6666666665
2004,682083.25
2005,2005416.6666666667
2006,2292416.666666667
2007,432916.6666666667
2008,1395416.6666666667
2009,2449916.666666667
2010,1567833.3333333333
2011,1454516.4166666667
2012,2298333.333333333
2013,279583.3333333334
2014,1499083.3333333335
2015,1581183.0833333333
2016,2435833.3333333335
2017,568999.8333333334
2018,1801666.6666666667
2019,2187499.9999999995
2020,1548202.75
2021,2298333.333333333
2022,1235416.5833333333
2023,828083.3333333334
2024,1346182.9166666667
2025,1755645.0833333335
2026,1349433.0
2027,1009166.6666666667
2028,1076249.8333333333
2029,1288250.0
2030,821000.0
2031,1305000.0
2032,1913811.7500000002
2033,1519583.3333333335
2034,2187500.0
2035,2507500.0000000005
2036,472916.6666666667
2037,1468333.3333333333
2038,925578.5833333334
2039,2244666.666666667
2040,410333.3333333334
2041,1398250.0
2042,2292166.666666667
2043,1993333.3333333335
2044,1565416.5833333333
2045,529499.8333333334
2046,1110833.3333333335
2047,603749.9166666667
2048,1227500.0
2049,999916.6666666667
2050,1254833.3333333335
2051,1231666.6666666667
2052,1431666.6666666667
2053,1753750.0
2054,1737000.0
2055,865833.3333333334
2056,1466583.3333333333
2057,1051083.3333333335
2058,1579999.9999999998
2059,713333.25
2060,2367500.0000000005
2061,1280416.6666666667
2062,2292416.666666667
2063,984172.5
2064,2021333.3333333335
2065,1669916.6666666667
2066,981416.6666666667
2067,1817083.3333333335
2068,1270000.0
2069,1696952.8333333333
2070,2399083.3333333335
2071,2107728.416666667
2072,1284583.3333333335
2073,1626166.6666666667
2074,2461583.3333333335
2075,2871666.666666667
2076,2063333.3333333335
2077,1018250.0
2078,410833.3333333334
2079,944419.5
2080,1539016.4166666665
2081,1468103.0833333333
2082,1440766.4166666667
2083,2438333.333333333
2084,1359933.0000000002
2085,2871666.666666667
2086,2016666.6666666667
2087,2358666.666666667
2088,1788666.6666666667
2089,2170769.7500000005
2090,846416.6666666667
2091,1272849.75
2092,2051186.416666667
2093,1777833.3333333335
2094,524166.5833333335
2095,2382000.0000000005
2096,1297499.8333333333
2097,831000.0
2098,1329000.0
2099,1788061.7500000002
2100,2020000.0
2101,592833.25
2102,1369099.6666666667
2103,1701250.0
2104,1905416.6666666667
2105,1727728.4166666667
2106,565833.25
2107,1647083.25
2108,2292416.666666667
2109,851666.6666666667
2110,1457016.3333333333
2111,1705766.3333333335
2112,1257499.9166666667
2113,1336933.0833333333
2114,520749.9166666667
2115,411539.75
2116,855833.3333333334
2117,544833.1666666666
2118,827666.6666666667
2119,1714083.3333333335
2120,897666.6666666667
2121,2179916.666666667
2122,1495000.0
2123,1081250.0
2124,2143666.6666666665
2125,1737311.7500000002
2126,1721333.25
2127,1565683.0833333333
2128,1664811.75
2129,1126250.0
2130,455833.3333333334
2131,1280158.25
2132,1210833.3333333335
2133,2268916.583333334
2134,1603186.4166666667
2135,661583.3333333334
2136,2263333.333333333
2137,1062416.6666666667
2138,1741250.0
2139,1144500.0
2140,1276583.3333333335
2141,477916.6666666667
2142,1510750.0
2143,2217166.666666667
2144,1022500.0
2145,2083686.3333333335
2146,1343099.7499999998
2147,2645833.3333333335
2148,1227016.3333333333
2149,2264916.666666667
2150,1056250.0
2151,2220083.333333334
2152,1070416.6666666667
2153,1983333.25
2154,974750.0
2155,2068333.3333333335
2156,2215833.3333333335
2157,1604766.4166666667
2158,1119166.6666666667
2159,2053666.6666666667
2160,2303750.0000000005
2161,1799395.0833333335
2162,1501536.1666666667
2163,2622500.0
2164,1876166.6666666667
2165,2160833.333333333
2166,516388.80555555556
2167,2562833.3333333335
2168,1627083.3333333335
2169,412833.3333333334
2170,1344516.4166666667
2171,512749.9166666666
2172,1403183.0000000002
2173,2292499.9999999995
2174,681666.5833333334
2175,1532500.0
2176,639916.5833333334
2177,1436516.4166666667
2178,2298416.666666667
2179,2087436.4166666665
2180,421250.00000000006
2181,862500.0
2182,2160833.333333333
2183,1906519.7500000002
2184,2261666.6666666665
2185,1381841.3333333333
2186,1700872.5
2187,1577400.0
2188,2006416.6666666667
2189,2326666.666666667
2190,2200750.0
2191,1081599.75
2192,2000833.3333333335
2193,2289583.3333333335
2194,1401619.4166666665
2195,1425000.0
2196,1721583.3333333335
2197,1942916.6666666667
2198,1194166.6666666667
2199,504583.3333333334
2200,1590166.6666666667
2201,2516583.333333334
2202,1478266.4166666665
2203,720749.9166666667
2204,2281500.0
2205,1144333.3333333335
2206,2062500.0
2207,1929583.3333333335
2208,1633750.0
2209,2275769.75
2210,1354500.0
2211,1957416.6666666667
2212,921250.0
2213,760416.6666666667
2214,1510702.75
2215,1158266.416666667
2216,1684916.6666666667
2217,312039.75000000006
2218,1679645.0833333335
2219,1775333.3333333335
2220,1401599.7499999998
2221,2356583.3333333335
2222,2227500.0
2223,1400000.0
2224,1188266.4166666667
2225,1488099.75
2226,1126166.6666666667
2227,1406666.6666666667
2228,1779916.6666666667
2229,1288333.3333333333
2230,1510833.25
2231,895333.3333333334
2232,342749.9166666667
2233,1066250.0
2234,1167500.0
2235,897000.0
2236,1744916.6666666667
2237,687249.9166666667
2238,2292416.666666667
2239,515249.9166666666
2240,1808250.0
2241,2187436.4166666665
2242,1654933.0833333335
2243,1647016.4166666665
2244,558249.9166666667
2245,1465750.0
2246,1802978.4166666667
2247,2281500.0
2248,1068833.25
2249,513666.5833333335
2250,1254166.6666666667
2251,2892500.0000000005
2252,595416.6666666667
2253,1478266.4166666665
2254,955750.0
2255,589916.6666666667
2256,2203333.3333333335
2257,1587349.75
2258,1914583.3333333335
2259,1967311.7499999998
2260,1909916.6666666667
2261,1414833.3333333335
2262,1060750.0
2263,1634583.3333333335
2264,1586599.7500000002
2265,478666.5833333334
2266,887500.0
2267,1649999.9166666667
2268,1298452.8333333333
2269,1616266.3333333333
2270,1713916.6666666667
2271,813083.3333333334
2272,1277500.0
2273,1045669.5
2274,2391666.666666667
2275,1460000.0
2276,2375750.0
2277,1514099.7499999998
2278,2272500.0
2279,1066500.0
2280,1006583.3333333334
2281,1870750.0
2282,1332499.9166666667
2283,1487499.9166666667
2284,2292166.666666667
2285,1474516.4166666665
2286,638916.5833333334
2287,347833.3333333334
2288,1565749.9166666667
2289,2041395.083333333
2290,1822500.0
2291,2292416.666666667
2292,1647083.25
2293,826416.6666666667
2294,1054583.3333333335
2295,599499.9166666669
2296,2107499.9999999995
2297,1487499.9166666667
2298,1531583.3333333335
2299,237416.66666666677
2300,1274166.6666666667
2301,512333.24999999994
2302,2252416.666666667
2303,1532333.3333333335
2304,2925833.3333333335
2305,1736666.6666666663
2306,569916.5833333334
2307,1747849.7499999998
2308,2437500.0
2309,1389933.0833333333
2310,1190749.8333333333
2311,1391999.9166666667
2312,1185669.5
2313,1504499.9166666667
2314,2871666.666666667
2315,1052083.3333333335
2316,358333.3333333334
2317,879166.6666666667
2318,556999.9166666666
2319,1974083.3333333335
2320,2925833.3333333335
2321,306250.0000000001
2322,1769916.6666666667
2323,1496250.0
2324,1842145.0833333335
2325,2185000.0
2326,2369166.666666667
2327,2220436.416666667
2328,1577333.3333333335
2329,908916.6666666667
2330,932916.6666666667
2331,1529583.3333333335
2332,2052666.6666666663
2333,1294583.25
2334,2465000.0
2335,1279916.6666666667
2336,664999.9166666667
2337,1657016.3333333335
2338,1172500.0
2339,1550750.0
2340,1835416.6666666667
2341,1958333.25
2342,1027916.6666666667
2343,2345000.0
2344,1702942.0833333335
2345,680999.9166666667
2346,569833.25
2347,1464933.0000000002
2348,571583.3333333334
2349,1579916.6666666667
2350,1035416.6666666667
2351,1027333.3333333334
2352,1790686.4166666665
2353,2282166.666666667
2354,970833.3333333334
2355,1658250.0
2356,1609924.7499999998
2357,1930750.0
2358,1453250.0
2359,1277916.6666666667
2360,1870583.3333333335
2361,1317500.0
2362,1603250.0
2363,1265416.6666666667
2364,1469766.4166666665
2365,1388750.0
2366,1876895.0833333335
2367,821833.3333333334
2368,2599166.666666667
2369,2269166.666666667
2370,640522.0833333334
2371,1788583.3333333335
2372,1231999.9166666667
2373,1934083.3333333335
2374,2083250.0
2375,831000.0
2376,2061666.6666666667
2377,728250.0
2378,1934083.3333333335
2379,2501666.666666667
2380,1813666.6666666667
2381,2289583.3333333335
2382,591999.9166666667
2383,1239916.5833333333
2384,403750.0
2385,468706.33333333326
2386,1198666.6666666667
2387,2119916.6666666665
2388,812916.6666666667
2389,2177166.666666667
2390,2351583.3333333335
2391,714166.5833333334
2392,1259583.25
2393,709916.5833333334
2394,1293750.0
2395,1161999.9166666667
2396,2256333.3333333335
2397,660333.25
2398,1460074.9166666667
2399,2114395.0833333335
2400,764505.8333333334
2401,807336.1666666667
2402,1432416.5833333333
2403,1274999.9166666667
2404,1352083.3333333335
2405,2192833.333333333
2406,1738599.7499999998
2407,2192333.3333333335
2408,1722369.5
2409,426583.3333333334
2410,1645333.3333333335
2411,964583.3333333334
2412,1430000.0
2413,2195416.6666666665
2414,1397019.75
2415,2457500.0
2416,1106166.6666666667
2417,2646666.666666667
2418,2144166.666666667
2419,661583.25
2420,548666.5833333333
2421,1310266.3333333335
2422,2358666.666666667
2423,540666.5833333333
2424,1268833.25
2425,1495000.0
2426,1241599.75
2427,1052500.0
2428,1071166.5833333333
2429,807916.6666666667
2430,1083250.0
2431,1143250.0
2432,1603183.0833333333
2433,471666.5833333335
2434,2116666.666666667
2435,672916.5833333334
2436,1989519.7499999998
2437,1539158.2500000002
2438,1649516.3333333333
2439,845583.3333333334
2440,1742369.5
2441,1282916.5833333333
2442,399999.9166666667
2443,984916.6666666667
2444,406916.6666666666
2445,1103333.3333333335
2446,2449916.666666667
2447,2292416.666666667
2448,657833.25
2449,1561099.7500000002
2450,1059916.6666666667
2451,512333.24999999994
2452,1965166.6666666663
2453,1128750.0
2454,1525516.4166666665
2455,1114166.5833333333
2456,1360833.3333333335
2457,1254583.3333333335
2458,1604166.6666666665
2459,1239916.6666666667
2460,1045000.0
2461,2438333.333333333
2462,1347499.9999999998
2463,1700286.0833333333
2464,632000.0
2465,2959166.666666667
2466,1275416.5833333333
2467,1875266.416666667
2468,1889970.0833333335
2469,2277500.0
2470,2181583.333333333
2471,1286249.9166666667
2472,1445333.3333333335
2473,1533750.0
2474,1249166.6666666667
2475,1313266.25
2476,1054166.5833333333
2477,549916.5833333333
2478,1125000.0
2479,2680000.0000000005
2480,1524083.3333333335
2481,1798916.6666666667
2482,1887019.7500000002
2483,1183333.3333333335
2484,548249.9166666666
2485,1067916.6666666667
2486,1915750.0
2487,1610349.6666666667
2488,1935858.7499999998
2489,678333.25
2490,1932916.5833333333
2491,1746666.6666666667
2492,1094083.3333333335
2493,1968333.333333333
2494,1007250.0
2495,1612000.0
2496,1327500.0
2497,1813750.0
2498,2196333.3333333335
2499,2546666.666666667
2500,1023166.6666666667
2501,1478333.3333333335
2502,828083.3333333334
2503,2317000.0
2504,1516249.9166666667
2505,1334849.75
2506,1828599.7500000002
2507,549416.5833333333
2508,1034749.9166666666
2509,1493333.3333333335
2510,2646666.666666667
2511,1937311.7500000002
2512,2010833.3333333335
2513,2410833.3333333335
2514,900166.6666666667
2515,1762500.0
2516,1010666.6666666667
2517,1028333.25
2518,1308599.7499999998
2519,1778561.7500000002
2520,2736666.666666667
2521,874583.3333333334
2522,1119916.6666666667
2523,1355683.0833333333
2524,518666.50000000006
2525,1790769.7499999998
2526,495000.0
2527,1718333.3333333335
2528,504916.58333333326
2529,830583.3333333334
2530,1664099.6666666667
2531,1683750.0
2532,1431849.75
2533,574166.5833333334
2534,1550833.3333333335
2535,928166.6666666667
2536,1328666.6666666667
2537,1551583.25
2538,591250.0
2539,1480833.3333333335
2540,2322353.0833333335
2541,891833.3333333334
2542,2086478.4166666667
2543,1499083.3333333335
2544,1969395.0833333335
2545,2375833.333333334
2546,1292333.3333333335
2547,1208333.3333333335
2548,2580000.0
2549,1547849.7499999998
2550,411666.66666666674
2551,885833.3333333334
2552,691666.5833333334
2553,467499.9166666666
2554,1566666.6666666667
2555,1506666.6666666667
2556,1490603.0833333333
2557,648916.5833333333
2558,1584583.25
2559,837000.0
2560,729750.0
2561,2507500.0000000005
2562,2642500.0000000005
2563,2264916.666666667
2564,2990833.333333334
2565,849166.6666666667
2566,1633683.0833333335
2567,1653333.3333333335
2568,353666.6666666667
2569,892250.0
2570,2262416.666666667
2571,1019002.8333333333
2572,1491036.0833333333
2573,1276249.9166666667
2574,1428249.9166666667
2575,2478750.0
2576,266666.6666666668
2577,2275833.333333334
2578,1077916.5833333333
2579,1548333.25
2580,1040833.25
2581,1120416.6666666667
2582,1733250.0
2583,1620333.3333333335
2584,1999666.6666666667
2585,982083.3333333334
2586,1634728.4166666667
2587,1349166.6666666667
2588,1474166.6666666667
2589,2084166.6666666667
2590,1345833.3333333335
2591,1919166.6666666667
2592,1398333.3333333335
2593,1135416.6666666667
2594,694749.9166666667
2595,1492416.6666666667
2596,1141250.0
2597,647666.5833333333
2598,1117000.0
2599,1216666.5833333333
2600,1687416.6666666667
2601,255105.41666666657
2602,704166.6666666667
2603,1378250.0
2604,1688895.0833333335
2605,1424500.0
2606,1530349.7500000002
2607,1379583.3333333335
2608,2317358.3333333335
2609,2045833.3333333335
2610,2289166.666666667
2611,1509166.6666666667
2612,1706250.0
2613,2227879.5833333335
2614,2455750.0000000005
2615,1175750.0
2616,2333250.0
2617,1773166.6666666667
2618,1938749.9166666667
2619,654583.3333333334
2620,588333.3333333334
2621,1906666.6666666667
2622,2303333.3333333335
2623,621166.5833333334
2624,2646666.666666667
2625,1821183.0833333333
2626,2553333.3333333335
2627,1773249.9166666667
2628,1921061.7500000002
2629,1251333.25
2630,2054083.3333333335
2631,1693249.9999999998
2632,1765478.4166666667
2633,363333.3333333334
2634,2375750.0
2635,1135416.5833333333
2636,598750.0
2637,1227916.5833333333
2638,1336666.6666666667
2639,1710811.7500000002
2640,1377083.3333333335
2641,1430936.416666667
2642,677499.9166666667
2643,1535349.75
2644,1001166.6666666667
2645,656416.5833333334
2646,1945333.3333333335
2647,1472083.25
2648,1961061.7500000002
2649,639083.25
2650,2134083.3333333335
2651,2734166.666666667
2652,1894103.0833333333
2653,890416.6666666667
2654,1394933.0833333333
2655,1292499.8333333333
2656,2162436.4166666665
2657,2580000.0
2658,1371250.0
2659,2246250.0000000005
2660,337188.75
2661,793333.3333333334
2662,1413250.0
2663,927083.3333333334
2664,1936250.0
2665,2380666.6666666665
2666,1508561.7500000002
2667,1640000.0
2668,2358666.666666667
2669,2270500.0
2670,1436599.75
2671,318750.0000000001
2672,677416.5833333334
2673,1639099.7499999998
2674,1433749.9166666667
2675,947916.6666666667
2676,771666.6666666667
2677,2272500.0
2678,1104000.0
2679,972500.0
2680,1331999.9166666667
2681,1947916.6666666663
2682,1127083.3333333335
2683,1971250.0
2684,1299419.5
2685,353750.0
2686,1747916.6666666667
2687,2011749.9999999998
2688,567333.1666666667
2689,698749.9166666667
2690,1396249.9999999998
2691,1084166.6666666667
2692,360416.6666666668
2693,1808683.0833333333
2694,1554933.0000000002
2695,1510000.0
2696,889916.6666666667
2697,2354083.3333333335
2698,2030228.4166666667
2699,2264916.666666667
2700,2283269.75
2701,2157416.666666667
2702,2646666.666666667
2703,1642250.0
2704,1764083.3333333335
2705,1260750.0
2706,1621388.8333333335
2707,1793683.0833333333
2708,1806166.6666666663
2709,542083.3333333334
2710,982083.3333333334
2711,989836.1666666666
2712,2465000.0
2713,2365000.0
2714,945833.3333333334
2715,925000.0
2716,1240416.6666666667
2717,2361333.3333333335
2718,1377500.0
2719,1409849.75
2720,2760833.3333333335
2721,736666.6666666667
2722,1372416.6666666667
2723,1678250.0
2724,901250.0
2725,1869083.3333333335
2726,2662666.666666667
2727,2281500.0
2728,1678250.0
2729,1450833.3333333335
2730,1644166.5833333335
2731,1750286.1666666667
2732,1097500.0
2733,2358666.666666667
2734,2255833.3333333335
2735,1618158.25
2736,1527916.6666666667
2737,1884083.3333333335
2738,2116666.666666667
2739,1978833.3333333335
2740,1516249.9166666667
2741,2211666.666666667
2742,659166.5833333334
2743,1693333.3333333335
2744,1580416.6666666667
2745,1053666.6666666667
2746,1459500.0
2747,1732833.3333333335
2748,467416.5833333335
2749,1492019.75
2750,1241250.0
2751,1029500.0
2752,2281500.0
2753,1969166.6666666667
2754,2667500.0000000005
2755,1406999.9166666667
2756,2211249.9999999995
2757,1774933.0833333333
2758,922916.6666666667
2759,1414000.0
2760,2162436.4166666665
2761,1770333.3333333335
2762,2645833.3333333335
2763,2449916.666666667
2764,1484999.9166666667
2765,2106583.3333333335
2766,716583.25
2767,1957046.25
2768,2610833.3333333335
2769,796166.6666666667
2770,2080416.6666666663
2771,394500.00000000006
2772,1026250.0
2773,2194833.3333333335
2774,1379019.7499999998
2775,1602500.0
2776,1896666.6666666663
2777,1470333.25
2778,679916.6666666667
2779,1575349.75
2780,1344166.5833333333
2781,2646666.666666667
2782,2871666.666666667
2783,2752500.0000000005
2784,2109895.083333333
2785,1848158.3333333335
2786,1786250.0
2787,237873.0833333334
2788,1331186.4166666667
2789,1674166.5833333333
2790,2281500.0
2791,1476599.7500000002
2792,942083.5833333334
2793,957666.6666666667
2794,1038750.0
2795,2402416.666666667
2796,2434166.666666667
2797,1235333.3333333335
2798,1115000.0
2799,1024166.6666666667
2800,392916.6666666668
2801,1594091.3333333335
2802,308333.33333333343
2803,1954083.3333333335
2804,2242083.3333333335
2805,1705683.0000000002
2806,2266666.666666667
2807,372083.3333333334
2808,1713683.0833333335
2809,2892500.0000000005
2810,1504500.0
2811,1773249.9166666667
2812,2292436.416666667
2813,901250.0
2814,1335833.25
2815,1706599.7499999998
2816,2411666.666666667
2817,430416.6666666667
2818,1049833.3333333335
2819,2944166.666666667
2820,563055.388888889
2821,1718333.3333333335
2822,1644000.0
2823,1273333.25
2824,699999.9166666667
2825,1679516.416666667
2826,2670000.0000000005
2827,1361666.6666666667
2828,694666.5833333334
2829,1577424.6666666667
2830,1837041.6666666667
2831,930000.0
2832,1628333.25
2833,1528333.3333333335
2834,2358666.666666667
2835,574083.25
2836,1806311.7500000002
2837,293333.3333333334
2838,2233666.666666667
2839,1081916.6666666667
2840,397039.6666666667
2841,1277500.0
2842,1887849.7499999998
2843,1601061.7500000002
2844,1574999.9166666667
2845,2100833.3333333335
2846,1779516.4166666665
2847,1291666.6666666667
2848,1650750.0
2849,1431036.1666666667
2850,2871666.666666667
2851,1351516.4166666667
2852,1791250.0
2853,1131666.6666666667
2854,2316603.083333333
2855,1758666.6666666663
2856,986666.6666666667
2857,2871666.666666667
2858,2176666.666666667
2859,1487750.0
2860,1240833.25
2861,2005000.0
2862,1981166.6666666667
2863,1546249.9999999998
2864,2512500.0000000005
2865,359873.08333333343
2866,2361333.3333333335
2867,1189000.0
2868,1984083.3333333335
2869,1287433.0833333335
2870,1626183.0833333333
2871,1365016.4166666667
2872,1895250.0
2873,1049583.3333333335
2874,910000.0
2875,2333250.0
2876,2177916.666666667
2877,1027333.3333333334
2878,2924166.666666667
2879,694999.9166666667
2880,1659516.4166666665
2881,1957416.6666666667
2882,993666.5833333333
2883,1481250.0
2884,1119500.0
2885,1127083.3333333335
2886,1633683.0833333335
2887,1046250.0
2888,1233749.8333333335
2889,708249.9166666667
2890,2620000.0
2891,1082500.0
2892,1719516.4166666665
2893,2069783.5833333333
2894,987500.0
2895,1294583.25
2896,1789166.6666666667
2897,1736599.6666666667
2898,1455833.25
2899,2603333.3333333335
2900,745669.4166666667
2901,1751416.6666666663
2902,1004083.3333333334
2903,1171666.6666666667
2904,411666.6666666666
2905,1648220.0833333335
2906,1070833.3333333335
2907,540749.9166666667
2908,929419.5
2909,2292416.666666667
2910,2322166.6666666665
2911,536166.5
2912,2157416.666666667
2913,1659933.0000000002
2914,1476666.6666666667
2915,1020000.0
2916,735166.5833333334
2917,1489916.5833333333
2918,2216666.6666666665
2919,1664916.5833333333
2920,1167083.3333333335
2921,1572500.0
2922,1565000.0
2923,1241833.25
2924,1554099.6666666667
2925,1709099.6666666667
2926,316206.41666666674
2927,1072916.6666666667
2928,1171166.6666666667
2929,1369249.9166666667
2930,2030583.3333333335
2931,1791895.0833333335
2932,2238333.333333333
2933,1367349.75
2934,1464016.4166666667
2935,1254849.6666666667
2936,1205833.3333333335
2937,635416.5833333334
2938,2670000.0000000005
2939,1460750.0
2940,1439083.25
2941,2422269.75
2942,1753666.6666666663
2943,1973269.7500000002
2944,927083.3333333334
2945,679999.9166666667
2946,870000.0
2947,2106108.3333333335
2948,958250.0
2949,1110000.0
2950,1788249.9166666667
2951,1537416.6666666667
2952,1054166.5833333333
2953,2229083.3333333335
2954,1627500.0
2955,640833.25
2956,2111666.666666667
2957,363333.3333333334
2958,1267499.8333333335
2959,2299895.083333334
2960,678749.9166666667
2961,2646666.666666667
2962,1250749.9166666667
2963,1648166.6666666667
2964,2416666.666666667
2965,2618333.3333333335
2966,1570750.0
2967,670999.9166666667
2968,379583.33333333343
2969,1148750.0
2970,401666.66666666674
2971,1352916.6666666667
2972,1187500.0
2973,973333.3333333334
2974,1206166.6666666667
2975,2220083.333333334
2976,1217499.9166666667
2977,1027666.6666666667
2978,1580683.0833333333
2979,2034083.3333333335
2980,2066416.6666666663
2981,2237000.0
2982,1128750.0
2983,1382416.6666666667
2984,2188833.3333333335
2985,2025750.0
2986,1453536.1666666667
2987,1573516.3333333335
2988,2175500.0
2989,1555683.0833333335
2990,2096583.3333333335
2991,1757833.3333333335
2992,1570061.7500000002
2993,1638991.5833333333
2994,1973833.3333333335
2995,670999.9166666667
2996,2553333.3333333335
2997,1633683.0833333335
2998,549083.25
2999,2034083.3333333335
3000,2237500.0
3001,2124916.6666666665
3002,1464099.7500000002
3003,1546666.6666666667
3004,1672083.3333333335
3005,2631666.666666667
3006,825833.3333333334
3007,634833.25
3008,1468249.9166666667
3009,1781249.9166666667
3010,1157416.6666666667
3011,2646666.666666667
3012,1547416.6666666667
3013,1219083.3333333335
3014,1400000.0
3015,1902083.3333333335
3016,1895533.5833333333
3017,1091249.9166666667
3018,1984519.7500000002
3019,864166.6666666667
3020,1040833.25
3021,2098249.9999999995
3022,1743539.1666666667
3023,2111666.666666667
3024,2646666.666666667
3025,1350786.0833333333
3026,2144916.6666666665
3027,1400230.0833333335
3028,1426599.7499999998
3029,2044546.25
3030,1620000.0
3031,1780205.75
3032,1060000.0
3033,2398166.6666666665
3034,285833.3333333334
3035,1452501.6666666667
3036,2116666.666666667
3037,1688099.7500000002
3038,568249.8333333333
3039,1230416.6666666667
3040,809333.3333333334
3041,2646666.666666667
3042,1638991.5833333333
3043,1309099.6666666665
3044,817500.0
3045,1477499.9166666667
3046,1003250.0
3047,1079083.3333333335
3048,1128750.0
3049,2461583.3333333335
3050,2620833.3333333335
3051,592749.8333333334
3052,624499.9166666667
3053,1487833.3333333335
3054,1453536.1666666667
3055,619749.9166666667
3056,1420001.6666666667
3057,1549166.6666666665
3058,1493933.0833333333
3059,2254166.666666667
3060,1333683.0833333335
3061,1915750.0
3062,755333.25
3063,1475333.3333333335
3064,2801666.666666667
3065,1159583.3333333335
3066,1041583.25
3067,1896666.6666666667
3068,1626249.9166666667
3069,2111666.666666667
3070,1551099.6666666667
3071,1414166.5833333333
3072,344688.75
3073,1205349.6666666667
3074,611833.25
3075,1320416.6666666667
3076,1685416.6666666667
3077,713749.9166666667
3078,2022666.6666666663
3079,1151250.0
3080,1261583.1666666665
3081,422456.4166666667
3082,684333.25
3083,971666.6666666667
3084,1738750.0
3085,1316666.5833333333
3086,2111666.666666667
3087,1370750.0
3088,1798749.9166666663
3089,2128916.6666666665
3090,552416.5833333333
3091,1595416.6666666667
3092,1211086.1666666667
3093,2365000.0
3094,805750.0
3095,2135750.0
3096,1827083.333333333
3097,525249.9166666667
3098,1292916.6666666667
3099,1621250.0
3100,1656083.3333333333
3101,2646666.666666667
3102,1373333.3333333335
3103,369123.08333333343
3104,1382083.3333333335
3105,1752499.9999999998
3106,1055750.0
3107,1282083.3333333335
3108,2303666.666666667
3109,1557083.25
3110,2104750.0
3111,2408269.75
3112,1326666.6666666667
3113,967000.0
3114,1180000.0
3115,384499.99999999994
3116,760328.5833333334
3117,1088750.0
3118,1910769.7499999998
3119,1437833.3333333335
3120,1769749.9999999998
3121,396956.4166666667
3122,1549500.0
3123,2646666.666666667
3124,392416.6666666667
3125,2580000.0
3126,1667333.3333333335
3127,1180333.25
3128,1551249.9166666667
3129,2297166.666666667
3130,1611583.25
3131,1641250.0
3132,2264916.666666667
3133,471166.58333333326
3134,1882019.7500000002
3135,1481583.3333333335
3136,1881250.0
3137,997500.0
3138,1134583.3333333335
3139,2525686.4166666665
3140,2001666.6666666667
3141,1212016.4166666667
3142,1106000.0
3143,1168683.0833333333
3144,713166.6666666667
3145,2580000.0
3146,2358666.666666667
3147,2345436.4166666665
3148,2269999.9999999995
3149,2031666.6666666667
3150,2279166.666666667
3151,1229166.6666666667
3152,1490603.0833333333
3153,532873.0
3154,814750.0
3155,914333.3333333334
3156,1507728.4166666667
3157,1112499.9166666667
3158,2646666.666666667
3159,1111666.6666666667
3160,1414166.6666666667
3161,1487916.6666666667
3162,1479583.3333333335
3163,1664916.6666666665
3164,1058749.9166666667
3165,1529166.6666666667
3166,1165749.9166666667
3167,435789.75
3168,1754749.9999999998
3169,914333.3333333334
3170,1783561.7499999998
3171,511250.0
3172,2210750.0
3173,1852249.9999999998
3174,1592849.75
3175,1097500.0
3176,1394933.0833333333
3177,2562833.3333333335
3178,1862333.3333333335
3179,1005750.0
3180,855750.0
3181,1799416.6666666667
3182,1340266.4166666667
3183,2646666.666666667
3184,1502491.5833333335
3185,1303749.9166666667
3186,2210000.0
3187,994500.0
3188,2469916.666666667
3189,513249.9166666667
3190,808000.0
3191,1736833.3333333335
3192,2219666.666666667
3193,1211599.75
3194,711916.6666666667
3195,2150228.416666667
3196,588249.9166666667
3197,2292416.666666667
3198,1160252.8333333333
3199,549416.5833333333
3200,771249.9166666667
3201,1388750.0
3202,672499.9166666667
3203,2227000.0
3204,1733333.3333333335
3205,1580289.0833333333
3206,1317766.4166666665
3207,2925833.3333333335
3208,1125833.3333333335
3209,1639833.3333333333
3210,1717016.4166666665
3211,1430333.3333333335
3212,597083.25
3213,2575833.3333333335
3214,2079916.6666666663
3215,1901450.3333333333
3216,2580000.0
3217,1146166.6666666667
3218,1239583.3333333335
3219,1306250.0
3220,1920349.7500000002
3221,968666.6666666667
3222,1776183.0833333333
3223,617749.9166666666
3224,2580000.0
3225,1605333.3333333335
3226,973916.6666666667
3227,1734166.6666666667
3228,671999.9166666667
3229,645999.9166666666
3230,1614916.6666666667
3231,2159499.9999999995
3232,1303250.0
3233,2358666.666666667
3234,412083.25
3235,695333.3333333334
3236,1457499.9166666667
3237,2631666.666666667
3238,359583.3333333334
3239,1850250.0
3240,2462500.0000000005
3241,1240666.6666666667
3242,2010833.3333333335
3243,1458750.0
3244,1039166.5833333333
3245,1764508.0000000002
3246,527416.5833333333
3247,1681166.6666666667
3248,2085583.3333333335
3249,1953000.0
3250,1595416.6666666667
3251,1863867.0
3252,1626599.7500000002
3253,1985728.4166666667
3254,1872853.0833333333
3255,852083.3333333334
3256,1731608.6666666667
3257,1170833.3333333335
3258,1299916.6666666667
3259,2323250.0
3260,1933333.3333333335
3261,1742916.6666666663
3262,2042000.0
3263,1529166.5833333333
3264,2120769.75
3265,1589000.0
3266,975252.8333333333
3267,1046666.5833333333
3268,1624083.3333333333
3269,1463250.0
3270,1633622.4166666667
3271,1056166.6666666667
3272,1260833.3333333335
3273,343289.75
3274,503333.25000000006
3275,1969519.7499999998
3276,1906061.7500000002
3277,2580000.0
3278,1320683.0
3279,1272416.6666666667
3280,1923682.9999999998
3281,2613333.333333334
3282,425749.99999999994
3283,1265333.3333333335
3284,548666.5000000001
3285,1313333.3333333335
3286,1917500.0
3287,1329166.6666666667
3288,1234599.6666666667
3289,630583.25
3290,1440266.416666667
3291,900000.0
3292,869166.6666666667
3293,2445750.0
3294,531583.1666666667
3295,1407749.9166666667
3296,1558249.9166666667
3297,1862833.3333333335
3298,1994666.6666666667
3299,1490499.9166666667
3300,1288250.0
3301,1206000.0
3302,575333.3333333334
3303,309583.3333333334
3304,357916.6666666668
3305,1372433.0833333333
3306,1310833.3333333335
3307,1812500.0
3308,430333.3333333334
3309,1165683.0833333333
3310,2580000.0
3311,850583.3333333334
3312,845000.0
3313,1284916.5833333333
3314,1050333.25
3315,2541666.666666667
3316,2289583.3333333335
3317,951583.3333333334
3318,1292781.5833333333
3319,1197083.3333333335
3320,1035000.0
3321,973750.0
3322,2009166.6666666667
3323,297916.6666666667
3324,1063333.3333333335
3325,2409083.3333333335
3326,357500.0
3327,1785416.6666666667
3328,1762750.0
3329,2269999.9999999995
3330,2337249.9999999995
3331,1869433.0833333333
3332,1213750.0
3333,1092416.6666666667
3334,2169083.3333333335
3335,1222416.6666666667
3336,1589166.6666666667
3337,1563333.25
3338,2231583.333333334
3339,1393269.7500000002
3340,2845000.0000000005
3341,1276583.3333333335
3342,2646666.666666667
3343,2165333.3333333335
3344,2272500.0
3345,1617916.6666666667
3346,836666.6666666667
3347,990416.6666666667
3348,443289.66666666674
3349,1149166.6666666667
3350,1900769.7499999998
3351,1061166.6666666667
3352,1563333.3333333333
3353,650000.0
3354,317416.6666666667
3355,1657775.4166666667
3356,1455250.0
3357,827083.25
3358,2260416.666666667
3359,1799416.6666666667
3360,1417916.6666666667
3361,893749.9166666666
3362,244999.9166666667
3363,2375750.0
3364,904002.8333333333
3365,2230500.0
3366,935833.3333333334
3367,887250.0
3368,1286666.6666666667
3369,916416.6666666667
3370,1764916.6666666663
3371,1644824.9166666667
3372,810583.3333333334
3373,826416.6666666667
3374,1235252.8333333333
3375,856666.6666666667
3376,1572849.7500000002
3377,774688.75
3378,287605.4166666667
3379,729002.7500000001
3380,2124916.6666666665
3381,2343333.3333333335
3382,399583.24999999994
3383,1202916.6666666667
3384,532333.25
3385,1953749.9999999998
3386,1726583.3333333335
3387,1590666.6666666667
3388,2646666.666666667
3389,1429991.5833333333
3390,1554083.25
3391,1736895.0833333335
3392,2368250.0
3393,1769166.6666666667
3394,1429991.5833333333
3395,2001666.6666666663
3396,2029999.9999999998
3397,1640416.6666666665
3398,1299916.6666666667
3399,2124083.3333333335
3400,1942916.6666666667
3401,1734083.25
3402,981666.6666666667
3403,2277916.666666667
3404,2005000.0
3405,2646666.666666667
3406,929836.1666666666
3407,2186666.666666667
3408,1493749.9166666667
3409,1519369.4166666665
3410,1349583.3333333335
3411,355416.66666666657
3412,1385183.0833333333
3413,1422083.25
3414,858083.3333333334
3415,905000.0
3416,419999.99999999994
3417,2155691.666666667
3418,1925000.0
3419,2225499.9999999995
3420,1839916.6666666667
3421,2248833.3333333335
3422,2241666.666666667
3423,985750.0
3424,1147083.3333333335
3425,2580000.0
3426,581999.9166666669
3427,1244916.6666666667
3428,1489000.0
3429,389456.41666666674
3430,1860645.0833333335
3431,530666.5833333334
3432,1115333.3333333335
3433,1470749.9166666667
3434,937833.3333333334
3435,661166.5833333334
3436,2091416.6666666667
3437,1340416.6666666667
3438,1259083.3333333335
3439,308333.33333333343
3440,355416.66666666657
3441,1050252.8333333333
3442,2613333.333333334
3443,1044166.6666666667
3444,1353266.416666667
3445,1207083.3333333335
3446,2264916.666666667
3447,1963000.0
3448,1265750.0
3449,1304000.0
3450,966250.0
3451,484916.5833333334
3452,1341583.3333333335
3453,2281666.6666666665
3454,1203183.0833333333
3455,631666.5833333333
3456,1688266.416666667
3457,983083.3333333334
3458,402833.3333333334
3459,1419916.6666666667
3460,1595766.416666667
3461,702499.9166666667
3462,869833.3333333334
3463,837500.0
3464,2320583.333333334
3465,1574061.75
3466,1667083.3333333333
3467,839083.3333333334
3468,2292416.666666667
3469,611833.25
3470,1368333.3333333335
3471,5282499.999999999
3472,795333.3333333334
3473,1854583.3333333335
3474,1009083.3333333334
3475,1166166.5
3476,2115750.0
3477,1559166.6666666667
3478,1569849.6666666667
3479,564083.1666666667
3480,2137436.416666667
3481,410750.0
3482,1719999.9166666667
3483,1150333.3333333335
3484,2034083.3333333335
3485,1256249.9166666667
3486,1041249.9166666666
3487,2646666.666666667
3488,1048586.1666666667
3489,1822311.7500000002
3490,2187000.0
3491,1310000.0
3492,1599516.4166666667
3493,2393750.0000000005
3494,1825650.0
3495,1656083.3333333333
3496,1601500.0
3497,1505766.4166666667
3498,615416.5833333333
3499,387500.0
3500,1144516.3333333333
3501,2320000.0
3502,425749.9166666667
3503,1449083.3333333335
3504,758749.9166666667
3505,903916.6666666667
3506,938586.1666666666
3507,1902083.3333333335
3508,1164166.6666666667
3509,1394099.7500000002
3510,1356516.4166666667
3511,1198266.4166666665
3512,1332499.9166666667
3513,1037500.0
3514,373623.0833333333
3515,1644933.0833333333
3516,1466061.75
3517,1294583.3333333335
3518,1244099.7499999998
3519,552333.1666666667
3520,1145849.6666666667
3521,1200416.6666666665
3522,496583.3333333334
3523,1423750.0
3524,2102645.0833333335
3525,1436599.5833333335
3526,1555702.8333333333
3527,1505766.4166666667
3528,1017416.5833333333
3529,508333.3333333334
3530,1889575.0
3531,2385000.0
3532,1304083.3333333335
3533,2217916.666666667
3534,2177333.333333333
3535,2044083.3333333335
3536,2646666.666666667
3537,1390333.3333333335
3538,1499083.3333333335
3539,2079916.6666666667
3540,492916.6666666667
3541,2266583.3333333335
3542,483333.3333333334
3543,967500.0
3544,1753269.7499999998
3545,412916.6666666666
3546,1049916.6666666667
3547,2143666.6666666665
3548,2142500.0
3549,1842416.6666666667
3550,1369016.3333333335
3551,672250.0
3552,1284916.5833333333
3553,1116666.6666666667
3554,2104833.3333333335
3555,1093750.0
3556,1687083.3333333335
3557,2455750.0000000005
3558,1424583.3333333335
3559,1626599.7500000002
3560,824333.3333333334
3561,2468666.5833333335
3562,1300416.6666666667
3563,542416.5833333334
3564,1135416.5833333333
3565,680833.25
3566,1516666.6666666667
3567,2286895.0833333335
3568,1738983.3333333335
3569,1504916.6666666667
3570,1349016.4166666667
3571,1441666.6666666667
3572,1640416.6666666665
3573,554083.1666666666
3574,1326666.6666666667
3575,470789.75
3576,2925833.3333333335
3577,1985000.0
3578,2249395.0833333335
3579,1736183.0833333335
3580,2500833.3333333335
3581,455750.0
3582,1477333.3333333335
3583,1052666.6666666667
3584,2496666.666666667
3585,398666.6666666667
3586,1202833.3333333335
3587,2344916.666666667
3588,1400766.416666667
3589,1582333.3333333335
3590,2292416.666666667
3591,1269166.6666666667
3592,956666.6666666667
3593,1554099.75
3594,2433186.4166666665
3595,2646666.666666667
3596,1825353.0833333335
3597,2272333.3333333335
3598,604333.3333333334
3599,1633683.0833333335
3600,1165833.3333333335
3601,1547416.6666666667
3602,2267583.3333333335
3603,2071666.6666666667
3604,1644933.0833333333
3605,1247833.1666666665
3606,2434083.3333333335
3607,1139916.6666666667
3608,1212500.0
3609,1150916.6666666667
3610,2251583.333333334
3611,1634933.0833333335
3612,1227766.4166666667
3613,1543249.9166666667
3614,1985000.0
3615,2529166.666666667
3616,588249.9166666667
3617,1512083.25
3618,1165000.0
3619,540333.25
3620,1461999.9166666667
3621,1403994.5
3622,1268333.3333333335
3623,566999.9166666669
3624,2619166.666666667
3625,1291249.9166666667
3626,2475833.3333333335
3627,2399166.666666667
3628,2234750.0
3629,695583.25
3630,1545358.75
3631,2613333.333333334
3632,2959166.666666667
3633,1624916.6666666667
3634,996666.6666666667
3635,2128333.3333333335
3636,1725183.0000000002
3637,1236250.0
3638,1936728.4166666667
3639,474583.3333333334
3640,922916.6666666667
3641,1035833.3333333334
3642,1076500.0
3643,1734853.0000000002
3644,855000.0
3645,663333.25
3646,1906666.6666666667
3647,2175750.0
3648,813749.9166666667
3649,1394166.6666666667
3650,2177333.333333333
3651,581583.25
3652,2892500.0000000005
3653,474916.6666666667
3654,661249.9166666667
3655,1599500.0
3656,2368250.0
3657,690749.9166666667
3658,661416.5833333334
3659,1590766.3333333335
3660,1954833.3333333335
3661,2469916.666666667
3662,1632083.2500000002
3663,501583.16666666674
3664,1554516.3333333333
3665,1956103.0833333335
3666,1673683.0833333333
3667,1517833.3333333335
3668,2212500.0
3669,1597416.6666666667
3670,1119583.3333333335
3671,1716250.0
3672,1288333.3333333335
3673,1895000.0
3674,2256333.3333333335
3675,1624305.5833333333
3676,2274166.6666666665
3677,2145000.0
3678,2216666.666666667
3679,1945645.0833333335
3680,458750.0
3681,1038666.6666666667
3682,1299674.6666666667
3683,551166.5833333333
3684,1066166.5833333333
3685,1882145.0833333335
3686,1671250.0
3687,1245583.3333333335
3688,2369083.3333333335
3689,2070616.9999999995
3690,2022666.6666666663
3691,1760975.666666667
3692,1610833.3333333335
3693,444916.6666666667
3694,743750.0
3695,1735416.6666666667
3696,1194166.6666666667
3697,1769666.6666666667
3698,1976833.333333333
3699,1961500.0
3700,1177752.8333333333
3701,1537145.0833333335
3702,1754000.0
3703,1499833.3333333335
3704,1717849.6666666667
3705,1632499.9166666667
3706,812250.0
3707,753250.0
3708,731833.25
3709,1259500.0
3710,962505.8333333334
3711,1361666.6666666667
3712,1131666.6666666667
3713,387083.3333333334
3714,577749.8333333334
3715,702916.5833333334
3716,1210416.6666666667
3717,1587416.6666666667
3718,388706.4166666666
3719,287083.3333333334
3720,1294583.3333333335
3721,2143666.6666666665
3722,675458.3333333334
3723,1134583.3333333335
3724,771000.0
3725,922083.2500000001
3726,1460833.3333333335
3727,2095583.3333333335
3728,1837083.3333333335
3729,1014166.6666666667
3730,2349916.666666667
3731,1284083.3333333335
3732,1797333.3333333335
3733,1476599.7499999998
3734,695333.3333333334
3735,530416.6666666667
3736,1692500.0
3737,2340833.3333333335
3738,696583.25
3739,882500.0
3740,1507433.0000000002
3741,2267500.0
3742,663708.3333333334
3743,1050583.25
3744,1260749.9166666667
3745,993666.5833333333
3746,2361666.666666667
3747,1263749.8333333335
3748,2093599.7499999998
3749,1017083.3333333334
3750,1105666.6666666667
3751,1433099.7499999998
3752,1184166.6666666667
3753,1361166.5833333333
3754,1697074.9166666667
3755,966500.0
3756,680833.25
3757,3184166.666666667
3758,970750.0
3759,1263166.6666666667
3760,1814583.3333333335
3761,723666.5833333334
3762,959166.6666666667
3763,2568181.166666667
3764,1298166.6666666667
3765,1397416.6666666667
3766,2048083.3333333337
3767,395743.3333333334
3768,2216666.6666666665
3769,1269666.5833333333
3770,1120416.6666666667
3771,1456869.5
3772,1321083.25
3773,1223500.0
3774,1227853.0000000002
3775,2680000.0000000005
3776,1285833.3333333335
3777,2185000.0
3778,1553099.7500000002
3779,2067500.0
3780,2246250.0
3781,1747416.6666666667
3782,1775970.0833333335
3783,1709099.6666666667
3784,1581666.5833333333
3785,1012000.0
3786,1132499.8333333333
3787,977500.0
3788,2382416.666666667
3789,335522.0833333334
3790,1045250.0
3791,1784869.5
3792,1520132.25
3793,1591599.7499999998
3794,2023561.7500000002
3795,1437500.0
3796,2399083.3333333335
3797,810583.3333333334
3798,1158333.3333333335
3799,1137336.1666666667
3800,2622500.0000000005
3801,371123.0833333333
3802,699749.9166666667
3803,1452416.6666666667
3804,2561666.666666667
3805,867500.0
3806,1144333.3333333335
3807,2432500.0
3808,935000.0
3809,1602016.333333333
3810,1456250.0
3811,545416.6666666667
3812,1234099.75
3813,2041895.0833333335
3814,2096499.9999999998
3815,1349433.0
3816,277083.33333333326
3817,1567424.7499999998
3818,1741250.0
3819,2196333.3333333335
3820,1044583.3333333334
3821,1521811.7500000002
3822,443750.0
3823,1078250.0
3824,1463333.3333333335
3825,1800749.9999999998
3826,2301583.333333334
3827,1032833.25
3828,2732500.0000000005
3829,2242083.3333333335
3830,1791212.9166666667
3831,1551583.25
3832,1460349.6666666667
3833,2014166.6666666663
3834,582833.25
3835,1263666.5833333333
3836,1392500.0
